rfu_daemon: /dev/ttyS1 <-> udp/55440 (LAN discovery on)
rfu_daemon: netplay host on tcp/55435 (RetroArch 1.22.2 + gpSP may join)
rfu: event: GPIO ping -> adapter reset
rfu: reset (ping)
rfu: event: GPIO ping -> adapter reset
rfu: reset (ping)
rfu: event: GPIO ping -> adapter reset
rfu: reset (ping)
rfu: event: GPIO ping -> adapter reset
rfu: reset (ping)
rfu: event: GPIO ping -> adapter reset
rfu: reset (ping)
rfu: event: GPIO ping -> adapter reset
rfu: reset (ping)
rfu: event: GPIO ping -> adapter reset
rfu: reset (ping)
rfu: event: GPIO ping -> adapter reset
rfu: reset (ping)
rfu: event: GPIO ping -> adapter reset
rfu: reset (ping)
rfu: event: GPIO ping -> adapter reset
rfu: reset (ping)
rfu: event: GPIO ping -> adapter reset
rfu: reset (ping)
rfu: event: GPIO ping -> adapter reset
rfu: reset (ping)
rfu: event: GPIO ping -> adapter reset
rfu: reset (ping)
rfu: event: login complete
rfu: req 3D len 0 -> ack 0 word(s) [IDLE]
rfu: event: word watchdog fired
rfu: event: GPIO ping -> adapter reset
rfu: reset (ping)
rfu: event: GPIO ping -> adapter reset
rfu: reset (ping)
rfu: event: login complete
rfu: event: GPIO ping -> adapter reset
rfu: reset (ping)
rfu: event: GPIO ping -> adapter reset
rfu: reset (ping)
rfu: event: login complete
rfu: req 3D len 0 -> ack 0 word(s) [IDLE]
rfu: event: word watchdog fired
rfu: event: GPIO ping -> adapter reset
rfu: reset (ping)
rfu: event: GPIO ping -> adapter reset
rfu: reset (ping)
rfu: event: login complete
rfu: event: GPIO ping -> adapter reset
rfu: reset (ping)
rfu: event: GPIO ping -> adapter reset
rfu: reset (ping)
rfu: event: login complete
rfu: req 3D len 0 -> ack 0 word(s) [IDLE]
rfu: event: word watchdog fired
rfu: event: GPIO ping -> adapter reset
rfu: reset (ping)
rfu: event: GPIO ping -> adapter reset
rfu: reset (ping)
rfu: event: login complete
rfu: event: GPIO ping -> adapter reset
rfu: reset (ping)
rfu: event: GPIO ping -> adapter reset
rfu: reset (ping)
rfu: event: login complete
rfu: req 3D len 0 -> ack 0 word(s) [IDLE]
rfu: event: word watchdog fired
rfu: event: GPIO ping -> adapter reset
rfu: reset (ping)
rfu: event: GPIO ping -> adapter reset
rfu: reset (ping)
rfu: event: login complete
rfu: event: GPIO ping -> adapter reset
rfu: reset (ping)
rfu: event: GPIO ping -> adapter reset
rfu: reset (ping)
rfu: event: login complete
rfu: req 3D len 0 -> ack 0 word(s) [IDLE]
rfu: event: word watchdog fired
rfu: event: GPIO ping -> adapter reset
rfu: reset (ping)
rfu: event: GPIO ping -> adapter reset
rfu: reset (ping)
rfu: event: login complete
rfu: req 10 len 0 -> ack 0 word(s) [IDLE]
rfu: req 17 len 1 -> ack 0 word(s) [IDLE]
rfu: req 16 len 6 -> ack 0 word(s) [IDLE]
rfu: req 13 len 0 -> ack 1 word(s) [IDLE]
rfu: hosting, device id 47d0
rfu: req 19 len 0 -> ack 0 word(s) [HOST-OPEN]
rfu: req 1A len 0 -> ack 0 word(s) [HOST-OPEN]
rfu: req 13 len 0 -> ack 1 word(s) [HOST-OPEN]
rfu: req 1A len 0 -> ack 0 word(s) [HOST-OPEN]
rfu: req 1A len 0 -> ack 0 word(s) [HOST-OPEN]
rfu: req 1B len 0 -> ack 0 word(s) [IDLE]
rfu: req 1C len 0 -> ack 0 word(s) [SEARCH]
rfu: req 1D len 0 -> ack 0 word(s) [SEARCH]
rfu: req 1D len 0 -> ack 0 word(s) [SEARCH]
rfu: req 1D len 0 -> ack 0 word(s) [SEARCH]
rfu: req 1D len 0 -> ack 0 word(s) [SEARCH]
rfu: req 1D len 0 -> ack 0 word(s) [SEARCH]
rfu: req 1D len 0 -> ack 0 word(s) [SEARCH]
rfu: req 1D len 0 -> ack 0 word(s) [SEARCH]
rfu: req 1D len 0 -> ack 0 word(s) [SEARCH]
rfu: req 1D len 0 -> ack 0 word(s) [SEARCH]
rfu: req 1D len 0 -> ack 0 word(s) [SEARCH]
rfu: req 1D len 0 -> ack 0 word(s) [SEARCH]
rfu: req 1D len 0 -> ack 0 word(s) [SEARCH]
rfu: req 1D len 0 -> ack 0 word(s) [SEARCH]
rfu: req 1D len 0 -> ack 0 word(s) [SEARCH]
rfu: req 1D len 0 -> ack 0 word(s) [SEARCH]
rfu: req 1D len 0 -> ack 0 word(s) [SEARCH]
rfu: req 1D len 0 -> ack 0 word(s) [SEARCH]
rfu: req 1D len 0 -> ack 0 word(s) [SEARCH]
rfu: req 1D len 0 -> ack 0 word(s) [SEARCH]
rfu: req 1D len 0 -> ack 0 word(s) [SEARCH]
rfu: req 1D len 0 -> ack 0 word(s) [SEARCH]
rfu: req 1D len 0 -> ack 0 word(s) [SEARCH]
rfu: req 1D len 0 -> ack 0 word(s) [SEARCH]
rfu: req 1D len 0 -> ack 0 word(s) [SEARCH]
rfu: req 1D len 0 -> ack 0 word(s) [SEARCH]
rfu: req 1D len 0 -> ack 0 word(s) [SEARCH]
rfu: req 1D len 0 -> ack 0 word(s) [SEARCH]
rfu: req 1D len 0 -> ack 0 word(s) [SEARCH]
rfu: req 1D len 0 -> ack 0 word(s) [SEARCH]
rfu: req 1D len 0 -> ack 0 word(s) [SEARCH]
rfu: req 1D len 0 -> ack 0 word(s) [SEARCH]
rfu: req 1D len 0 -> ack 0 word(s) [SEARCH]
rfu: req 1D len 0 -> ack 0 word(s) [SEARCH]
rfu: req 1D len 0 -> ack 0 word(s) [SEARCH]
rfu: req 1D len 0 -> ack 0 word(s) [SEARCH]
rfu: req 1D len 0 -> ack 0 word(s) [SEARCH]
rfu: req 1D len 0 -> ack 0 word(s) [SEARCH]
rfu: req 1D len 0 -> ack 0 word(s) [SEARCH]
rfu: req 1D len 0 -> ack 0 word(s) [SEARCH]
rfu: req 1E len 0 -> ack 0 word(s) [IDLE]
rfu: req 13 len 0 -> ack 1 word(s) [IDLE]
rfu: hosting, device id c633
rfu: req 19 len 0 -> ack 0 word(s) [HOST-OPEN]
rfu: req 1A len 0 -> ack 0 word(s) [HOST-OPEN]
rfu: req 13 len 0 -> ack 1 word(s) [HOST-OPEN]
rfu: req 1A len 0 -> ack 0 word(s) [HOST-OPEN]
rfu: req 1A len 0 -> ack 0 word(s) [HOST-OPEN]
rfu: req 1A len 0 -> ack 0 word(s) [HOST-OPEN]
rfu: req 1A len 0 -> ack 0 word(s) [HOST-OPEN]
rfu: req 1A len 0 -> ack 0 word(s) [HOST-OPEN]
rfu: req 1A len 0 -> ack 0 word(s) [HOST-OPEN]
rfu: req 1A len 0 -> ack 0 word(s) [HOST-OPEN]
rfu: req 1A len 0 -> ack 0 word(s) [HOST-OPEN]
rfu: req 1A len 0 -> ack 0 word(s) [HOST-OPEN]
rfu: req 1A len 0 -> ack 0 word(s) [HOST-OPEN]
rfu: req 1A len 0 -> ack 0 word(s) [HOST-OPEN]
rfu: req 1A len 0 -> ack 0 word(s) [HOST-OPEN]
rfu: req 1A len 0 -> ack 0 word(s) [HOST-OPEN]
rfu: req 1A len 0 -> ack 0 word(s) [HOST-OPEN]
rfu: req 1A len 0 -> ack 0 word(s) [HOST-OPEN]
rfu: req 1A len 0 -> ack 0 word(s) [HOST-OPEN]
rfu: req 1A len 0 -> ack 0 word(s) [HOST-OPEN]
rfu: req 1A len 0 -> ack 0 word(s) [HOST-OPEN]
rfu: req 1A len 0 -> ack 0 word(s) [HOST-OPEN]
rfu: req 1A len 0 -> ack 0 word(s) [HOST-OPEN]
rfu: req 1A len 0 -> ack 0 word(s) [HOST-OPEN]
rfu: req 1A len 0 -> ack 0 word(s) [HOST-OPEN]
rfu: req 1A len 0 -> ack 0 word(s) [HOST-OPEN]
rfu: req 1A len 0 -> ack 0 word(s) [HOST-OPEN]
rfu: req 1A len 0 -> ack 0 word(s) [HOST-OPEN]
rfu: req 1A len 0 -> ack 0 word(s) [HOST-OPEN]
rfu: req 1A len 0 -> ack 0 word(s) [HOST-OPEN]
rfu: req 1A len 0 -> ack 0 word(s) [HOST-OPEN]
rfu: req 1A len 0 -> ack 0 word(s) [HOST-OPEN]
rfu: req 1A len 0 -> ack 0 word(s) [HOST-OPEN]
rfu: req 1A len 0 -> ack 0 word(s) [HOST-OPEN]
rfu: req 1A len 0 -> ack 0 word(s) [HOST-OPEN]
rfu: req 1A len 0 -> ack 0 word(s) [HOST-OPEN]
rfu: req 1A len 0 -> ack 0 word(s) [HOST-OPEN]
rfu: req 1A len 0 -> ack 0 word(s) [HOST-OPEN]
rfu: req 1A len 0 -> ack 0 word(s) [HOST-OPEN]
rfu: req 1A len 0 -> ack 0 word(s) [HOST-OPEN]
rfu: req 1A len 0 -> ack 0 word(s) [HOST-OPEN]
rfu: req 1A len 0 -> ack 0 word(s) [HOST-OPEN]
rfu: req 1A len 0 -> ack 0 word(s) [HOST-OPEN]
rfu: req 1A len 0 -> ack 0 word(s) [HOST-OPEN]
rfu: req 1A len 0 -> ack 0 word(s) [HOST-OPEN]
rfu: req 1A len 0 -> ack 0 word(s) [HOST-OPEN]
rfu: req 1A len 0 -> ack 0 word(s) [HOST-OPEN]
rfu: req 1A len 0 -> ack 0 word(s) [HOST-OPEN]
rfu: req 1A len 0 -> ack 0 word(s) [HOST-OPEN]
rfu: req 1A len 0 -> ack 0 word(s) [HOST-OPEN]
rfu: req 1A len 0 -> ack 0 word(s) [HOST-OPEN]
rfu: req 1A len 0 -> ack 0 word(s) [HOST-OPEN]
rfu: req 1A len 0 -> ack 0 word(s) [HOST-OPEN]
rfu: req 1A len 0 -> ack 0 word(s) [HOST-OPEN]
rfu: req 1A len 0 -> ack 0 word(s) [HOST-OPEN]
rfu: req 1A len 0 -> ack 0 word(s) [HOST-OPEN]
rfu: req 1A len 0 -> ack 0 word(s) [HOST-OPEN]
rfu: req 1A len 0 -> ack 0 word(s) [HOST-OPEN]
rfu: req 1A len 0 -> ack 0 word(s) [HOST-OPEN]
rfu: req 1A len 0 -> ack 0 word(s) [HOST-OPEN]
rfu: req 1A len 0 -> ack 0 word(s) [HOST-OPEN]
rfu: req 1A len 0 -> ack 0 word(s) [HOST-OPEN]
rfu: req 1A len 0 -> ack 0 word(s) [HOST-OPEN]
rfu: req 1A len 0 -> ack 0 word(s) [HOST-OPEN]
rfu: req 1A len 0 -> ack 0 word(s) [HOST-OPEN]
rfu: req 1A len 0 -> ack 0 word(s) [HOST-OPEN]
rfu: req 1A len 0 -> ack 0 word(s) [HOST-OPEN]
rfu: req 1A len 0 -> ack 0 word(s) [HOST-OPEN]
rfu: req 1A len 0 -> ack 0 word(s) [HOST-OPEN]
rfu: req 1A len 0 -> ack 0 word(s) [HOST-OPEN]
rfu: req 1A len 0 -> ack 0 word(s) [HOST-OPEN]
rfu: req 1A len 0 -> ack 0 word(s) [HOST-OPEN]
rfu: req 1A len 0 -> ack 0 word(s) [HOST-OPEN]
rfu: req 1A len 0 -> ack 0 word(s) [HOST-OPEN]
rfu: req 1A len 0 -> ack 0 word(s) [HOST-OPEN]
rfu: req 1A len 0 -> ack 0 word(s) [HOST-OPEN]
rfu: req 1A len 0 -> ack 0 word(s) [HOST-OPEN]
rfu: req 1A len 0 -> ack 0 word(s) [HOST-OPEN]
rfu: req 1A len 0 -> ack 0 word(s) [HOST-OPEN]
rfu: req 1A len 0 -> ack 0 word(s) [HOST-OPEN]
rfu: req 1A len 0 -> ack 0 word(s) [HOST-OPEN]
rfu: req 1A len 0 -> ack 0 word(s) [HOST-OPEN]
rfu: req 1A len 0 -> ack 0 word(s) [HOST-OPEN]
rfu: req 1A len 0 -> ack 0 word(s) [HOST-OPEN]
rfu: req 1A len 0 -> ack 0 word(s) [HOST-OPEN]
rfu: req 1A len 0 -> ack 0 word(s) [HOST-OPEN]
rfu: req 1A len 0 -> ack 0 word(s) [HOST-OPEN]
rfu: req 1A len 0 -> ack 0 word(s) [HOST-OPEN]
rfu: req 1A len 0 -> ack 0 word(s) [HOST-OPEN]
rfu: req 1A len 0 -> ack 0 word(s) [HOST-OPEN]
rfu: req 1A len 0 -> ack 0 word(s) [HOST-OPEN]
rfu: req 1A len 0 -> ack 0 word(s) [HOST-OPEN]
rfu: req 1A len 0 -> ack 0 word(s) [HOST-OPEN]
rfu: req 1A len 0 -> ack 0 word(s) [HOST-OPEN]
rfu: req 1A len 0 -> ack 0 word(s) [HOST-OPEN]
rfu: req 1A len 0 -> ack 0 word(s) [HOST-OPEN]
rfu: req 1A len 0 -> ack 0 word(s) [HOST-OPEN]
rfu: req 1A len 0 -> ack 0 word(s) [HOST-OPEN]
rfu: req 1A len 0 -> ack 0 word(s) [HOST-OPEN]
rfu: req 1A len 0 -> ack 0 word(s) [HOST-OPEN]
rfu: req 1A len 0 -> ack 0 word(s) [HOST-OPEN]
rfu: req 1A len 0 -> ack 0 word(s) [HOST-OPEN]
rfu: req 1A len 0 -> ack 0 word(s) [HOST-OPEN]
rfu: req 1A len 0 -> ack 0 word(s) [HOST-OPEN]
rfu: req 1A len 0 -> ack 0 word(s) [HOST-OPEN]
rfu: req 1A len 0 -> ack 0 word(s) [HOST-OPEN]
rfu: req 1A len 0 -> ack 0 word(s) [HOST-OPEN]
rfu: req 1A len 0 -> ack 0 word(s) [HOST-OPEN]
rfu: req 1A len 0 -> ack 0 word(s) [HOST-OPEN]
rfu: req 1A len 0 -> ack 0 word(s) [HOST-OPEN]
rfu: req 1A len 0 -> ack 0 word(s) [HOST-OPEN]
rfu: req 1A len 0 -> ack 0 word(s) [HOST-OPEN]
rfu: req 1A len 0 -> ack 0 word(s) [HOST-OPEN]
rfu: req 1A len 0 -> ack 0 word(s) [HOST-OPEN]
rfu: req 1A len 0 -> ack 0 word(s) [HOST-OPEN]
rfu: req 1A len 0 -> ack 0 word(s) [HOST-OPEN]
rfu: req 1A len 0 -> ack 0 word(s) [HOST-OPEN]
rfu: req 1A len 0 -> ack 0 word(s) [HOST-OPEN]
rfu: req 1A len 0 -> ack 0 word(s) [HOST-OPEN]
rfu: req 1A len 0 -> ack 0 word(s) [HOST-OPEN]
rfu: req 1A len 0 -> ack 0 word(s) [HOST-OPEN]
rfu: req 1A len 0 -> ack 0 word(s) [HOST-OPEN]
rfu: req 1A len 0 -> ack 0 word(s) [HOST-OPEN]
rfu: req 1A len 0 -> ack 0 word(s) [HOST-OPEN]
rfu: req 1A len 0 -> ack 0 word(s) [HOST-OPEN]
rfu: req 1A len 0 -> ack 0 word(s) [HOST-OPEN]
rfu: req 1A len 0 -> ack 0 word(s) [HOST-OPEN]
rfu: req 1A len 0 -> ack 0 word(s) [HOST-OPEN]
rfu: req 1A len 0 -> ack 0 word(s) [HOST-OPEN]
rfu: req 1A len 0 -> ack 0 word(s) [HOST-OPEN]
rfu: req 1A len 0 -> ack 0 word(s) [HOST-OPEN]
rfu: req 1A len 0 -> ack 0 word(s) [HOST-OPEN]
rfu: req 1A len 0 -> ack 0 word(s) [HOST-OPEN]
rfu: req 1A len 0 -> ack 0 word(s) [HOST-OPEN]
rfu: req 1A len 0 -> ack 0 word(s) [HOST-OPEN]
rfu: req 1A len 0 -> ack 0 word(s) [HOST-OPEN]
rfu: req 1A len 0 -> ack 0 word(s) [HOST-OPEN]
rfu: req 1A len 0 -> ack 0 word(s) [HOST-OPEN]
rfu: req 1A len 0 -> ack 0 word(s) [HOST-OPEN]
rfu: req 1B len 0 -> ack 0 word(s) [IDLE]
rfu: req 13 len 0 -> ack 1 word(s) [IDLE]
rfu: hosting, device id d7d9
rfu: req 19 len 0 -> ack 0 word(s) [HOST-OPEN]
rfu: req 1A len 0 -> ack 0 word(s) [HOST-OPEN]
rfu: req 13 len 0 -> ack 1 word(s) [HOST-OPEN]
rfu: req 1A len 0 -> ack 0 word(s) [HOST-OPEN]
rfu: req 1A len 0 -> ack 0 word(s) [HOST-OPEN]
rfu: req 1A len 0 -> ack 0 word(s) [HOST-OPEN]
rfu: req 1A len 0 -> ack 0 word(s) [HOST-OPEN]
rfu: req 1A len 0 -> ack 0 word(s) [HOST-OPEN]
rfu: req 1A len 0 -> ack 0 word(s) [HOST-OPEN]
rfu: req 1A len 0 -> ack 0 word(s) [HOST-OPEN]
rfu: req 1A len 0 -> ack 0 word(s) [HOST-OPEN]
rfu: req 1A len 0 -> ack 0 word(s) [HOST-OPEN]
rfu: req 1A len 0 -> ack 0 word(s) [HOST-OPEN]
rfu: req 1A len 0 -> ack 0 word(s) [HOST-OPEN]
rfu: req 1A len 0 -> ack 0 word(s) [HOST-OPEN]
rfu: req 1A len 0 -> ack 0 word(s) [HOST-OPEN]
rfu: req 1A len 0 -> ack 0 word(s) [HOST-OPEN]
rfu: req 1A len 0 -> ack 0 word(s) [HOST-OPEN]
rfu: req 1A len 0 -> ack 0 word(s) [HOST-OPEN]
rfu: req 1A len 0 -> ack 0 word(s) [HOST-OPEN]
rfu: req 1A len 0 -> ack 0 word(s) [HOST-OPEN]
rfu: req 1A len 0 -> ack 0 word(s) [HOST-OPEN]
rfu: req 1A len 0 -> ack 0 word(s) [HOST-OPEN]
rfu: req 1A len 0 -> ack 0 word(s) [HOST-OPEN]
rfu: req 1A len 0 -> ack 0 word(s) [HOST-OPEN]
rfu: req 1A len 0 -> ack 0 word(s) [HOST-OPEN]
rfu: req 1A len 0 -> ack 0 word(s) [HOST-OPEN]
rfu: req 1A len 0 -> ack 0 word(s) [HOST-OPEN]
rfu: req 1A len 0 -> ack 0 word(s) [HOST-OPEN]
rfu: req 1A len 0 -> ack 0 word(s) [HOST-OPEN]
rfu: req 1A len 0 -> ack 0 word(s) [HOST-OPEN]
rfu: req 1A len 0 -> ack 0 word(s) [HOST-OPEN]
rfu: req 1A len 0 -> ack 0 word(s) [HOST-OPEN]
rfu: req 1A len 0 -> ack 0 word(s) [HOST-OPEN]
rfu: req 1A len 0 -> ack 0 word(s) [HOST-OPEN]
rfu: req 1A len 0 -> ack 0 word(s) [HOST-OPEN]
rfu: req 1A len 0 -> ack 0 word(s) [HOST-OPEN]
rfu: req 1A len 0 -> ack 0 word(s) [HOST-OPEN]
rfu: req 1A len 0 -> ack 0 word(s) [HOST-OPEN]
rfu: req 1A len 0 -> ack 0 word(s) [HOST-OPEN]
rfu: req 1A len 0 -> ack 0 word(s) [HOST-OPEN]
rfu: req 1A len 0 -> ack 0 word(s) [HOST-OPEN]
rfu: req 1A len 0 -> ack 0 word(s) [HOST-OPEN]
rfu: req 1A len 0 -> ack 0 word(s) [HOST-OPEN]
rfu: req 1A len 0 -> ack 0 word(s) [HOST-OPEN]
rfu: req 1A len 0 -> ack 0 word(s) [HOST-OPEN]
rfu: req 1A len 0 -> ack 0 word(s) [HOST-OPEN]
rfu: req 1A len 0 -> ack 0 word(s) [HOST-OPEN]
rfu: req 1A len 0 -> ack 0 word(s) [HOST-OPEN]
rfu: req 1A len 0 -> ack 0 word(s) [HOST-OPEN]
rfu: req 1A len 0 -> ack 0 word(s) [HOST-OPEN]
rfu: req 1A len 0 -> ack 0 word(s) [HOST-OPEN]
rfu: req 1A len 0 -> ack 0 word(s) [HOST-OPEN]
rfu: req 1A len 0 -> ack 0 word(s) [HOST-OPEN]
rfu: req 1A len 0 -> ack 0 word(s) [HOST-OPEN]
rfu: req 1A len 0 -> ack 0 word(s) [HOST-OPEN]
rfu: req 1A len 0 -> ack 0 word(s) [HOST-OPEN]
rfu: req 1A len 0 -> ack 0 word(s) [HOST-OPEN]
rfu: req 1A len 0 -> ack 0 word(s) [HOST-OPEN]
rfu: req 1A len 0 -> ack 0 word(s) [HOST-OPEN]
rfu: req 1A len 0 -> ack 0 word(s) [HOST-OPEN]
rfu: req 1A len 0 -> ack 0 word(s) [HOST-OPEN]
rfu: req 1A len 0 -> ack 0 word(s) [HOST-OPEN]
rfu: req 1A len 0 -> ack 0 word(s) [HOST-OPEN]
rfu: req 1A len 0 -> ack 0 word(s) [HOST-OPEN]
rfu: req 1A len 0 -> ack 0 word(s) [HOST-OPEN]
rfu: req 1A len 0 -> ack 0 word(s) [HOST-OPEN]
rfu: req 1A len 0 -> ack 0 word(s) [HOST-OPEN]
rfu: req 1A len 0 -> ack 0 word(s) [HOST-OPEN]
rfu: req 1A len 0 -> ack 0 word(s) [HOST-OPEN]
rfu: req 1A len 0 -> ack 0 word(s) [HOST-OPEN]
rfu: req 1A len 0 -> ack 0 word(s) [HOST-OPEN]
rfu: req 1A len 0 -> ack 0 word(s) [HOST-OPEN]
rfu: req 1A len 0 -> ack 0 word(s) [HOST-OPEN]
rfu: req 1A len 0 -> ack 0 word(s) [HOST-OPEN]
rfu: req 1A len 0 -> ack 0 word(s) [HOST-OPEN]
rfu: req 1A len 0 -> ack 0 word(s) [HOST-OPEN]
rfu: req 1A len 0 -> ack 0 word(s) [HOST-OPEN]
rfu: req 1A len 0 -> ack 0 word(s) [HOST-OPEN]
rfu: req 1A len 0 -> ack 0 word(s) [HOST-OPEN]
rfu: req 1A len 0 -> ack 0 word(s) [HOST-OPEN]
rfu: req 1A len 0 -> ack 0 word(s) [HOST-OPEN]
rfu: req 1A len 0 -> ack 0 word(s) [HOST-OPEN]
rfu: req 1A len 0 -> ack 0 word(s) [HOST-OPEN]
rfu: req 1A len 0 -> ack 0 word(s) [HOST-OPEN]
rfu: req 1A len 0 -> ack 0 word(s) [HOST-OPEN]
rfu: req 1A len 0 -> ack 0 word(s) [HOST-OPEN]
rfu: req 1A len 0 -> ack 0 word(s) [HOST-OPEN]
rfu: req 1A len 0 -> ack 0 word(s) [HOST-OPEN]
rfu: req 1A len 0 -> ack 0 word(s) [HOST-OPEN]
rfu: req 1A len 0 -> ack 0 word(s) [HOST-OPEN]
rfu: req 1A len 0 -> ack 0 word(s) [HOST-OPEN]
rfu: req 1A len 0 -> ack 0 word(s) [HOST-OPEN]
rfu: req 1A len 0 -> ack 0 word(s) [HOST-OPEN]
rfu: req 1A len 0 -> ack 0 word(s) [HOST-OPEN]
rfu: req 1A len 0 -> ack 0 word(s) [HOST-OPEN]
rfu: req 1A len 0 -> ack 0 word(s) [HOST-OPEN]
rfu: req 1A len 0 -> ack 0 word(s) [HOST-OPEN]
rfu: req 1B len 0 -> ack 0 word(s) [IDLE]
rfu: req 1C len 0 -> ack 0 word(s) [SEARCH]
rfu: req 1D len 0 -> ack 0 word(s) [SEARCH]
rfu: req 1D len 0 -> ack 0 word(s) [SEARCH]
rfu: req 1D len 0 -> ack 0 word(s) [SEARCH]
rfu: req 1D len 0 -> ack 0 word(s) [SEARCH]
rfu: req 1D len 0 -> ack 0 word(s) [SEARCH]
rfu: req 1D len 0 -> ack 0 word(s) [SEARCH]
rfu: req 1D len 0 -> ack 0 word(s) [SEARCH]
rfu: req 1D len 0 -> ack 0 word(s) [SEARCH]
rfu: req 1D len 0 -> ack 0 word(s) [SEARCH]
rfu: req 1D len 0 -> ack 0 word(s) [SEARCH]
rfu: req 1D len 0 -> ack 0 word(s) [SEARCH]
rfu: req 1D len 0 -> ack 0 word(s) [SEARCH]
rfu: req 1D len 0 -> ack 0 word(s) [SEARCH]
rfu: req 1D len 0 -> ack 0 word(s) [SEARCH]
rfu: req 1D len 0 -> ack 0 word(s) [SEARCH]
rfu: req 1D len 0 -> ack 0 word(s) [SEARCH]
rfu: req 1D len 0 -> ack 0 word(s) [SEARCH]
rfu: req 1D len 0 -> ack 0 word(s) [SEARCH]
rfu: req 1D len 0 -> ack 0 word(s) [SEARCH]
rfu: req 1D len 0 -> ack 0 word(s) [SEARCH]
rfu: req 1D len 0 -> ack 0 word(s) [SEARCH]
rfu: req 1D len 0 -> ack 0 word(s) [SEARCH]
rfu: req 1D len 0 -> ack 0 word(s) [SEARCH]
rfu: req 1D len 0 -> ack 0 word(s) [SEARCH]
rfu: req 1D len 0 -> ack 0 word(s) [SEARCH]
rfu: req 1D len 0 -> ack 0 word(s) [SEARCH]
rfu: req 1D len 0 -> ack 0 word(s) [SEARCH]
rfu: req 1D len 0 -> ack 0 word(s) [SEARCH]
rfu: req 1D len 0 -> ack 0 word(s) [SEARCH]
rfu: req 1D len 0 -> ack 0 word(s) [SEARCH]
rfu: req 1D len 0 -> ack 0 word(s) [SEARCH]
rfu: req 1D len 0 -> ack 0 word(s) [SEARCH]
rfu: req 1D len 0 -> ack 0 word(s) [SEARCH]
rfu: req 1D len 0 -> ack 0 word(s) [SEARCH]
rfu: req 1D len 0 -> ack 0 word(s) [SEARCH]
rfu: req 1D len 0 -> ack 0 word(s) [SEARCH]
rfu: req 1D len 0 -> ack 0 word(s) [SEARCH]
rfu: req 1D len 0 -> ack 0 word(s) [SEARCH]
rfu: req 1D len 0 -> ack 0 word(s) [SEARCH]
rfu: req 1E len 0 -> ack 0 word(s) [IDLE]
rfu: req 13 len 0 -> ack 1 word(s) [IDLE]
rfu: hosting, device id 0cc4
rfu: req 19 len 0 -> ack 0 word(s) [HOST-OPEN]
rfu: req 1A len 0 -> ack 0 word(s) [HOST-OPEN]
rfu: req 13 len 0 -> ack 1 word(s) [HOST-OPEN]
rfu: req 1A len 0 -> ack 0 word(s) [HOST-OPEN]
rfu: req 1A len 0 -> ack 0 word(s) [HOST-OPEN]
rfu: req 1A len 0 -> ack 0 word(s) [HOST-OPEN]
rfu: req 1A len 0 -> ack 0 word(s) [HOST-OPEN]
rfu: req 1A len 0 -> ack 0 word(s) [HOST-OPEN]
rfu: req 1A len 0 -> ack 0 word(s) [HOST-OPEN]
rfu: req 1A len 0 -> ack 0 word(s) [HOST-OPEN]
rfu: req 1A len 0 -> ack 0 word(s) [HOST-OPEN]
rfu: req 1A len 0 -> ack 0 word(s) [HOST-OPEN]
rfu: req 1A len 0 -> ack 0 word(s) [HOST-OPEN]
rfu: req 1A len 0 -> ack 0 word(s) [HOST-OPEN]
rfu: req 1A len 0 -> ack 0 word(s) [HOST-OPEN]
rfu: req 1A len 0 -> ack 0 word(s) [HOST-OPEN]
rfu: req 1A len 0 -> ack 0 word(s) [HOST-OPEN]
rfu: req 1A len 0 -> ack 0 word(s) [HOST-OPEN]
rfu: req 1A len 0 -> ack 0 word(s) [HOST-OPEN]
rfu: req 1A len 0 -> ack 0 word(s) [HOST-OPEN]
rfu: req 1A len 0 -> ack 0 word(s) [HOST-OPEN]
rfu: req 1A len 0 -> ack 0 word(s) [HOST-OPEN]
rfu: req 1A len 0 -> ack 0 word(s) [HOST-OPEN]
rfu: req 1A len 0 -> ack 0 word(s) [HOST-OPEN]
rfu: req 1A len 0 -> ack 0 word(s) [HOST-OPEN]
rfu: req 1A len 0 -> ack 0 word(s) [HOST-OPEN]
rfu: req 1A len 0 -> ack 0 word(s) [HOST-OPEN]
rfu: req 1A len 0 -> ack 0 word(s) [HOST-OPEN]
rfu: req 1A len 0 -> ack 0 word(s) [HOST-OPEN]
rfu: req 1A len 0 -> ack 0 word(s) [HOST-OPEN]
rfu: req 1A len 0 -> ack 0 word(s) [HOST-OPEN]
rfu: req 1A len 0 -> ack 0 word(s) [HOST-OPEN]
rfu: req 1A len 0 -> ack 0 word(s) [HOST-OPEN]
rfu: req 1A len 0 -> ack 0 word(s) [HOST-OPEN]
rfu: req 1A len 0 -> ack 0 word(s) [HOST-OPEN]
rfu: req 1A len 0 -> ack 0 word(s) [HOST-OPEN]
rfu: req 1A len 0 -> ack 0 word(s) [HOST-OPEN]
rfu: req 1A len 0 -> ack 0 word(s) [HOST-OPEN]
rfu: req 1A len 0 -> ack 0 word(s) [HOST-OPEN]
rfu: req 1A len 0 -> ack 0 word(s) [HOST-OPEN]
rfu: req 1A len 0 -> ack 0 word(s) [HOST-OPEN]
rfu: req 1A len 0 -> ack 0 word(s) [HOST-OPEN]
rfu: req 1A len 0 -> ack 0 word(s) [HOST-OPEN]
rfu: req 1A len 0 -> ack 0 word(s) [HOST-OPEN]
rfu: req 1A len 0 -> ack 0 word(s) [HOST-OPEN]
rfu: req 1A len 0 -> ack 0 word(s) [HOST-OPEN]
rfu: req 1B len 0 -> ack 0 word(s) [IDLE]
rfu: req 13 len 0 -> ack 1 word(s) [IDLE]
rfu: hosting, device id c16c
rfu: req 19 len 0 -> ack 0 word(s) [HOST-OPEN]
rfu: req 1A len 0 -> ack 0 word(s) [HOST-OPEN]
rfu: req 13 len 0 -> ack 1 word(s) [HOST-OPEN]
rfu: req 1A len 0 -> ack 0 word(s) [HOST-OPEN]
rfu: req 1A len 0 -> ack 0 word(s) [HOST-OPEN]
rfu: req 1A len 0 -> ack 0 word(s) [HOST-OPEN]
rfu: req 1A len 0 -> ack 0 word(s) [HOST-OPEN]
rfu: req 1A len 0 -> ack 0 word(s) [HOST-OPEN]
rfu: req 1A len 0 -> ack 0 word(s) [HOST-OPEN]
rfu: req 1A len 0 -> ack 0 word(s) [HOST-OPEN]
rfu: req 1A len 0 -> ack 0 word(s) [HOST-OPEN]
rfu: req 1A len 0 -> ack 0 word(s) [HOST-OPEN]
rfu: req 1A len 0 -> ack 0 word(s) [HOST-OPEN]
rfu: req 1A len 0 -> ack 0 word(s) [HOST-OPEN]
rfu: req 1A len 0 -> ack 0 word(s) [HOST-OPEN]
rfu: req 1A len 0 -> ack 0 word(s) [HOST-OPEN]
rfu: req 1A len 0 -> ack 0 word(s) [HOST-OPEN]
rfu: req 1A len 0 -> ack 0 word(s) [HOST-OPEN]
rfu: req 1A len 0 -> ack 0 word(s) [HOST-OPEN]
rfu: req 1A len 0 -> ack 0 word(s) [HOST-OPEN]
rfu: req 1A len 0 -> ack 0 word(s) [HOST-OPEN]
rfu: req 1A len 0 -> ack 0 word(s) [HOST-OPEN]
rfu: req 1A len 0 -> ack 0 word(s) [HOST-OPEN]
rfu: req 1A len 0 -> ack 0 word(s) [HOST-OPEN]
rfu: req 1A len 0 -> ack 0 word(s) [HOST-OPEN]
rfu: req 1A len 0 -> ack 0 word(s) [HOST-OPEN]
rfu: req 1A len 0 -> ack 0 word(s) [HOST-OPEN]
rfu: req 1A len 0 -> ack 0 word(s) [HOST-OPEN]
rfu: req 1A len 0 -> ack 0 word(s) [HOST-OPEN]
rfu: req 1A len 0 -> ack 0 word(s) [HOST-OPEN]
rfu: req 1A len 0 -> ack 0 word(s) [HOST-OPEN]
rfu: req 1A len 0 -> ack 0 word(s) [HOST-OPEN]
rfu: req 1A len 0 -> ack 0 word(s) [HOST-OPEN]
rfu: req 1A len 0 -> ack 0 word(s) [HOST-OPEN]
rfu: req 1A len 0 -> ack 0 word(s) [HOST-OPEN]
rfu: req 1A len 0 -> ack 0 word(s) [HOST-OPEN]
rfu: req 1A len 0 -> ack 0 word(s) [HOST-OPEN]
rfu: req 1A len 0 -> ack 0 word(s) [HOST-OPEN]
rfu: req 1A len 0 -> ack 0 word(s) [HOST-OPEN]
rfu: req 1A len 0 -> ack 0 word(s) [HOST-OPEN]
rfu: req 1A len 0 -> ack 0 word(s) [HOST-OPEN]
rfu: req 1A len 0 -> ack 0 word(s) [HOST-OPEN]
rfu: req 1A len 0 -> ack 0 word(s) [HOST-OPEN]
rfu: req 1A len 0 -> ack 0 word(s) [HOST-OPEN]
rfu: req 1A len 0 -> ack 0 word(s) [HOST-OPEN]
rfu: req 1B len 0 -> ack 0 word(s) [IDLE]
rfu: req 1C len 0 -> ack 0 word(s) [SEARCH]
rfu: req 1D len 0 -> ack 0 word(s) [SEARCH]
rfu: req 1D len 0 -> ack 0 word(s) [SEARCH]
rfu: req 1D len 0 -> ack 0 word(s) [SEARCH]
rfu: req 1D len 0 -> ack 0 word(s) [SEARCH]
rfu: req 1D len 0 -> ack 0 word(s) [SEARCH]
rfu: req 1D len 0 -> ack 0 word(s) [SEARCH]
rfu: req 1D len 0 -> ack 0 word(s) [SEARCH]
rfu: req 1D len 0 -> ack 0 word(s) [SEARCH]
rfu: req 1D len 0 -> ack 0 word(s) [SEARCH]
rfu: req 1D len 0 -> ack 0 word(s) [SEARCH]
rfu: req 1D len 0 -> ack 0 word(s) [SEARCH]
rfu: req 1D len 0 -> ack 0 word(s) [SEARCH]
rfu: req 1D len 0 -> ack 0 word(s) [SEARCH]
rfu: req 1D len 0 -> ack 0 word(s) [SEARCH]
rfu: req 1D len 0 -> ack 0 word(s) [SEARCH]
rfu: req 1D len 0 -> ack 0 word(s) [SEARCH]
rfu: req 1D len 0 -> ack 0 word(s) [SEARCH]
rfu: req 1D len 0 -> ack 0 word(s) [SEARCH]
rfu: req 1D len 0 -> ack 0 word(s) [SEARCH]
rfu: req 1D len 0 -> ack 0 word(s) [SEARCH]
rfu: req 1D len 0 -> ack 0 word(s) [SEARCH]
rfu: req 1D len 0 -> ack 0 word(s) [SEARCH]
rfu: req 1D len 0 -> ack 0 word(s) [SEARCH]
rfu: req 1D len 0 -> ack 0 word(s) [SEARCH]
rfu: req 1D len 0 -> ack 0 word(s) [SEARCH]
rfu: req 1D len 0 -> ack 0 word(s) [SEARCH]
rfu: req 1D len 0 -> ack 0 word(s) [SEARCH]
rfu: req 1D len 0 -> ack 0 word(s) [SEARCH]
rfu: req 1D len 0 -> ack 0 word(s) [SEARCH]
rfu: req 1D len 0 -> ack 0 word(s) [SEARCH]
rfu: req 1D len 0 -> ack 0 word(s) [SEARCH]
rfu: req 1D len 0 -> ack 0 word(s) [SEARCH]
rfu: req 1D len 0 -> ack 0 word(s) [SEARCH]
rfu: req 1D len 0 -> ack 0 word(s) [SEARCH]
rfu: req 1D len 0 -> ack 0 word(s) [SEARCH]
rfu: req 1D len 0 -> ack 0 word(s) [SEARCH]
rfu: req 1D len 0 -> ack 0 word(s) [SEARCH]
rfu: req 1D len 0 -> ack 0 word(s) [SEARCH]
rfu: req 1D len 0 -> ack 0 word(s) [SEARCH]
rfu: req 1E len 0 -> ack 0 word(s) [IDLE]
rfu: req 13 len 0 -> ack 1 word(s) [IDLE]
rfu: hosting, device id f576
rfu: req 19 len 0 -> ack 0 word(s) [HOST-OPEN]
rfu: req 1A len 0 -> ack 0 word(s) [HOST-OPEN]
rfu: req 13 len 0 -> ack 1 word(s) [HOST-OPEN]
rfu: req 1A len 0 -> ack 0 word(s) [HOST-OPEN]
rfu: req 1A len 0 -> ack 0 word(s) [HOST-OPEN]
rfu: req 1A len 0 -> ack 0 word(s) [HOST-OPEN]
rfu: req 1A len 0 -> ack 0 word(s) [HOST-OPEN]
rfu: req 1A len 0 -> ack 0 word(s) [HOST-OPEN]
rfu: req 1A len 0 -> ack 0 word(s) [HOST-OPEN]
rfu: req 1A len 0 -> ack 0 word(s) [HOST-OPEN]
rfu: req 1A len 0 -> ack 0 word(s) [HOST-OPEN]
rfu: req 1A len 0 -> ack 0 word(s) [HOST-OPEN]
rfu: req 1A len 0 -> ack 0 word(s) [HOST-OPEN]
rfu: req 1A len 0 -> ack 0 word(s) [HOST-OPEN]
rfu: req 1A len 0 -> ack 0 word(s) [HOST-OPEN]
rfu: req 1A len 0 -> ack 0 word(s) [HOST-OPEN]
rfu: req 1A len 0 -> ack 0 word(s) [HOST-OPEN]
rfu: req 1A len 0 -> ack 0 word(s) [HOST-OPEN]
rfu: req 1A len 0 -> ack 0 word(s) [HOST-OPEN]
rfu: req 1A len 0 -> ack 0 word(s) [HOST-OPEN]
rfu: req 1A len 0 -> ack 0 word(s) [HOST-OPEN]
rfu: req 1A len 0 -> ack 0 word(s) [HOST-OPEN]
rfu: req 1A len 0 -> ack 0 word(s) [HOST-OPEN]
rfu: req 1A len 0 -> ack 0 word(s) [HOST-OPEN]
rfu: req 1A len 0 -> ack 0 word(s) [HOST-OPEN]
rfu: req 1A len 0 -> ack 0 word(s) [HOST-OPEN]
rfu: req 1A len 0 -> ack 0 word(s) [HOST-OPEN]
rfu: req 1A len 0 -> ack 0 word(s) [HOST-OPEN]
rfu: req 1A len 0 -> ack 0 word(s) [HOST-OPEN]
rfu: req 1A len 0 -> ack 0 word(s) [HOST-OPEN]
rfu: req 1A len 0 -> ack 0 word(s) [HOST-OPEN]
rfu: req 1A len 0 -> ack 0 word(s) [HOST-OPEN]
rfu: req 1A len 0 -> ack 0 word(s) [HOST-OPEN]
rfu: req 1A len 0 -> ack 0 word(s) [HOST-OPEN]
rfu: req 1A len 0 -> ack 0 word(s) [HOST-OPEN]
rfu: req 1A len 0 -> ack 0 word(s) [HOST-OPEN]
rfu: req 1A len 0 -> ack 0 word(s) [HOST-OPEN]
rfu: req 1A len 0 -> ack 0 word(s) [HOST-OPEN]
rfu: req 1A len 0 -> ack 0 word(s) [HOST-OPEN]
rfu: req 1A len 0 -> ack 0 word(s) [HOST-OPEN]
rfu: req 1A len 0 -> ack 0 word(s) [HOST-OPEN]
rfu: req 1A len 0 -> ack 0 word(s) [HOST-OPEN]
rfu: req 1A len 0 -> ack 0 word(s) [HOST-OPEN]
rfu: req 1A len 0 -> ack 0 word(s) [HOST-OPEN]
rfu: req 1A len 0 -> ack 0 word(s) [HOST-OPEN]
rfu: req 1A len 0 -> ack 0 word(s) [HOST-OPEN]
rfu: req 1A len 0 -> ack 0 word(s) [HOST-OPEN]
rfu: req 1A len 0 -> ack 0 word(s) [HOST-OPEN]
rfu: req 1A len 0 -> ack 0 word(s) [HOST-OPEN]
rfu: req 1A len 0 -> ack 0 word(s) [HOST-OPEN]
rfu: req 1A len 0 -> ack 0 word(s) [HOST-OPEN]
rfu: req 1A len 0 -> ack 0 word(s) [HOST-OPEN]
rfu: req 1A len 0 -> ack 0 word(s) [HOST-OPEN]
rfu: req 1A len 0 -> ack 0 word(s) [HOST-OPEN]
rfu: req 1A len 0 -> ack 0 word(s) [HOST-OPEN]
rfu: req 1A len 0 -> ack 0 word(s) [HOST-OPEN]
rfu: req 1A len 0 -> ack 0 word(s) [HOST-OPEN]
rfu: req 1A len 0 -> ack 0 word(s) [HOST-OPEN]
rfu: req 1A len 0 -> ack 0 word(s) [HOST-OPEN]
rfu: req 1A len 0 -> ack 0 word(s) [HOST-OPEN]
rfu: req 1A len 0 -> ack 0 word(s) [HOST-OPEN]
rfu: req 1A len 0 -> ack 0 word(s) [HOST-OPEN]
rfu: req 1A len 0 -> ack 0 word(s) [HOST-OPEN]
rfu: req 1A len 0 -> ack 0 word(s) [HOST-OPEN]
rfu: req 1A len 0 -> ack 0 word(s) [HOST-OPEN]
rfu: req 1A len 0 -> ack 0 word(s) [HOST-OPEN]
rfu: req 1A len 0 -> ack 0 word(s) [HOST-OPEN]
rfu: req 1A len 0 -> ack 0 word(s) [HOST-OPEN]
rfu: req 1A len 0 -> ack 0 word(s) [HOST-OPEN]
rfu: req 1A len 0 -> ack 0 word(s) [HOST-OPEN]
rfu: req 1A len 0 -> ack 0 word(s) [HOST-OPEN]
rfu: req 1A len 0 -> ack 0 word(s) [HOST-OPEN]
rfu: req 1A len 0 -> ack 0 word(s) [HOST-OPEN]
rfu: req 1A len 0 -> ack 0 word(s) [HOST-OPEN]
rfu: req 1A len 0 -> ack 0 word(s) [HOST-OPEN]
rfu: req 1A len 0 -> ack 0 word(s) [HOST-OPEN]
rfu: req 1A len 0 -> ack 0 word(s) [HOST-OPEN]
rfu: req 1A len 0 -> ack 0 word(s) [HOST-OPEN]
rfu: req 1A len 0 -> ack 0 word(s) [HOST-OPEN]
rfu: req 1A len 0 -> ack 0 word(s) [HOST-OPEN]
rfu: req 1A len 0 -> ack 0 word(s) [HOST-OPEN]
rfu: req 1A len 0 -> ack 0 word(s) [HOST-OPEN]
rfu: req 1A len 0 -> ack 0 word(s) [HOST-OPEN]
rfu: req 1A len 0 -> ack 0 word(s) [HOST-OPEN]
rfu: req 1A len 0 -> ack 0 word(s) [HOST-OPEN]
rfu: req 1A len 0 -> ack 0 word(s) [HOST-OPEN]
rfu: req 1A len 0 -> ack 0 word(s) [HOST-OPEN]
rfu: req 1A len 0 -> ack 0 word(s) [HOST-OPEN]
rfu: req 1A len 0 -> ack 0 word(s) [HOST-OPEN]
rfu: req 1A len 0 -> ack 0 word(s) [HOST-OPEN]
rfu: req 1A len 0 -> ack 0 word(s) [HOST-OPEN]
rfu: req 1A len 0 -> ack 0 word(s) [HOST-OPEN]
rfu: req 1A len 0 -> ack 0 word(s) [HOST-OPEN]
rfu: req 1A len 0 -> ack 0 word(s) [HOST-OPEN]
rfu: req 1A len 0 -> ack 0 word(s) [HOST-OPEN]
rfu: req 1A len 0 -> ack 0 word(s) [HOST-OPEN]
rfu: req 1A len 0 -> ack 0 word(s) [HOST-OPEN]
rfu: req 1A len 0 -> ack 0 word(s) [HOST-OPEN]
rfu: req 1A len 0 -> ack 0 word(s) [HOST-OPEN]
rfu: req 1B len 0 -> ack 0 word(s) [IDLE]
rfu: req 13 len 0 -> ack 1 word(s) [IDLE]
rfu: hosting, device id 2dfd
rfu: req 19 len 0 -> ack 0 word(s) [HOST-OPEN]
rfu: req 1A len 0 -> ack 0 word(s) [HOST-OPEN]
rfu: req 13 len 0 -> ack 1 word(s) [HOST-OPEN]
rfu: req 1A len 0 -> ack 0 word(s) [HOST-OPEN]
rfu: req 1A len 0 -> ack 0 word(s) [HOST-OPEN]
rfu: req 1A len 0 -> ack 0 word(s) [HOST-OPEN]
rfu: req 1A len 0 -> ack 0 word(s) [HOST-OPEN]
rfu: req 1A len 0 -> ack 0 word(s) [HOST-OPEN]
rfu: req 1A len 0 -> ack 0 word(s) [HOST-OPEN]
rfu: req 1A len 0 -> ack 0 word(s) [HOST-OPEN]
rfu: req 1A len 0 -> ack 0 word(s) [HOST-OPEN]
rfu: req 1A len 0 -> ack 0 word(s) [HOST-OPEN]
rfu: req 1A len 0 -> ack 0 word(s) [HOST-OPEN]
rfu: req 1A len 0 -> ack 0 word(s) [HOST-OPEN]
rfu: req 1A len 0 -> ack 0 word(s) [HOST-OPEN]
rfu: req 1A len 0 -> ack 0 word(s) [HOST-OPEN]
rfu: req 1A len 0 -> ack 0 word(s) [HOST-OPEN]
rfu: req 1A len 0 -> ack 0 word(s) [HOST-OPEN]
rfu: req 1A len 0 -> ack 0 word(s) [HOST-OPEN]
rfu: req 1A len 0 -> ack 0 word(s) [HOST-OPEN]
rfu: req 1A len 0 -> ack 0 word(s) [HOST-OPEN]
rfu: req 1A len 0 -> ack 0 word(s) [HOST-OPEN]
rfu: req 1A len 0 -> ack 0 word(s) [HOST-OPEN]
rfu: req 1A len 0 -> ack 0 word(s) [HOST-OPEN]
rfu: req 1A len 0 -> ack 0 word(s) [HOST-OPEN]
rfu: req 1A len 0 -> ack 0 word(s) [HOST-OPEN]
rfu: req 1A len 0 -> ack 0 word(s) [HOST-OPEN]
rfu: req 1A len 0 -> ack 0 word(s) [HOST-OPEN]
rfu: req 1A len 0 -> ack 0 word(s) [HOST-OPEN]
rfu: req 1A len 0 -> ack 0 word(s) [HOST-OPEN]
rfu: req 1A len 0 -> ack 0 word(s) [HOST-OPEN]
rfu: req 1A len 0 -> ack 0 word(s) [HOST-OPEN]
rfu: req 1A len 0 -> ack 0 word(s) [HOST-OPEN]
rfu: req 1A len 0 -> ack 0 word(s) [HOST-OPEN]
rfu: req 1A len 0 -> ack 0 word(s) [HOST-OPEN]
rfu: req 1A len 0 -> ack 0 word(s) [HOST-OPEN]
rfu: req 1A len 0 -> ack 0 word(s) [HOST-OPEN]
rfu: req 1A len 0 -> ack 0 word(s) [HOST-OPEN]
rfu: req 1A len 0 -> ack 0 word(s) [HOST-OPEN]
rfu: req 1A len 0 -> ack 0 word(s) [HOST-OPEN]
rfu: req 1A len 0 -> ack 0 word(s) [HOST-OPEN]
rfu: req 1A len 0 -> ack 0 word(s) [HOST-OPEN]
rfu: req 1A len 0 -> ack 0 word(s) [HOST-OPEN]
rfu: req 1A len 0 -> ack 0 word(s) [HOST-OPEN]
rfu: req 1A len 0 -> ack 0 word(s) [HOST-OPEN]
rfu: req 1A len 0 -> ack 0 word(s) [HOST-OPEN]
rfu: req 1A len 0 -> ack 0 word(s) [HOST-OPEN]
rfu: req 1A len 0 -> ack 0 word(s) [HOST-OPEN]
rfu: req 1A len 0 -> ack 0 word(s) [HOST-OPEN]
rfu: req 1A len 0 -> ack 0 word(s) [HOST-OPEN]
rfu: req 1A len 0 -> ack 0 word(s) [HOST-OPEN]
rfu: req 1A len 0 -> ack 0 word(s) [HOST-OPEN]
rfu: req 1A len 0 -> ack 0 word(s) [HOST-OPEN]
rfu: req 1A len 0 -> ack 0 word(s) [HOST-OPEN]
rfu: req 1A len 0 -> ack 0 word(s) [HOST-OPEN]
rfu: req 1A len 0 -> ack 0 word(s) [HOST-OPEN]
rfu: req 1A len 0 -> ack 0 word(s) [HOST-OPEN]
rfu: req 1A len 0 -> ack 0 word(s) [HOST-OPEN]
rfu: req 1A len 0 -> ack 0 word(s) [HOST-OPEN]
rfu: req 1A len 0 -> ack 0 word(s) [HOST-OPEN]
rfu: req 1A len 0 -> ack 0 word(s) [HOST-OPEN]
rfu: req 1A len 0 -> ack 0 word(s) [HOST-OPEN]
rfu: req 1A len 0 -> ack 0 word(s) [HOST-OPEN]
rfu: req 1A len 0 -> ack 0 word(s) [HOST-OPEN]
rfu: req 1A len 0 -> ack 0 word(s) [HOST-OPEN]
rfu: req 1A len 0 -> ack 0 word(s) [HOST-OPEN]
rfu: req 1A len 0 -> ack 0 word(s) [HOST-OPEN]
rfu: req 1A len 0 -> ack 0 word(s) [HOST-OPEN]
rfu: req 1A len 0 -> ack 0 word(s) [HOST-OPEN]
rfu: req 1A len 0 -> ack 0 word(s) [HOST-OPEN]
rfu: req 1A len 0 -> ack 0 word(s) [HOST-OPEN]
rfu: req 1A len 0 -> ack 0 word(s) [HOST-OPEN]
rfu: req 1A len 0 -> ack 0 word(s) [HOST-OPEN]
rfu: req 1A len 0 -> ack 0 word(s) [HOST-OPEN]
rfu: req 1A len 0 -> ack 0 word(s) [HOST-OPEN]
rfu: req 1A len 0 -> ack 0 word(s) [HOST-OPEN]
rfu: req 1A len 0 -> ack 0 word(s) [HOST-OPEN]
rfu: req 1A len 0 -> ack 0 word(s) [HOST-OPEN]
rfu: req 1A len 0 -> ack 0 word(s) [HOST-OPEN]
rfu: req 1A len 0 -> ack 0 word(s) [HOST-OPEN]
rfu: req 1A len 0 -> ack 0 word(s) [HOST-OPEN]
rfu: req 1A len 0 -> ack 0 word(s) [HOST-OPEN]
rfu: req 1A len 0 -> ack 0 word(s) [HOST-OPEN]
rfu: req 1A len 0 -> ack 0 word(s) [HOST-OPEN]
rfu: req 1A len 0 -> ack 0 word(s) [HOST-OPEN]
rfu: req 1A len 0 -> ack 0 word(s) [HOST-OPEN]
rfu: req 1A len 0 -> ack 0 word(s) [HOST-OPEN]
rfu: req 1A len 0 -> ack 0 word(s) [HOST-OPEN]
rfu: req 1A len 0 -> ack 0 word(s) [HOST-OPEN]
rfu: req 1A len 0 -> ack 0 word(s) [HOST-OPEN]
rfu: req 1A len 0 -> ack 0 word(s) [HOST-OPEN]
rfu: req 1B len 0 -> ack 0 word(s) [IDLE]
rfu: req 1C len 0 -> ack 0 word(s) [SEARCH]
rfu: req 1D len 0 -> ack 0 word(s) [SEARCH]
rfu: req 1D len 0 -> ack 0 word(s) [SEARCH]
rfu: req 1D len 0 -> ack 0 word(s) [SEARCH]
rfu: req 1D len 0 -> ack 0 word(s) [SEARCH]
rfu: req 1D len 0 -> ack 0 word(s) [SEARCH]
rfu: req 1D len 0 -> ack 0 word(s) [SEARCH]
rfu: req 1D len 0 -> ack 0 word(s) [SEARCH]
rfu: req 1D len 0 -> ack 0 word(s) [SEARCH]
rfu: req 1D len 0 -> ack 0 word(s) [SEARCH]
rfu: req 1D len 0 -> ack 0 word(s) [SEARCH]
rfu: req 1D len 0 -> ack 0 word(s) [SEARCH]
rfu: req 1D len 0 -> ack 0 word(s) [SEARCH]
rfu: req 1D len 0 -> ack 0 word(s) [SEARCH]
rfu: req 1D len 0 -> ack 0 word(s) [SEARCH]
rfu: req 1D len 0 -> ack 0 word(s) [SEARCH]
rfu: req 1D len 0 -> ack 0 word(s) [SEARCH]
rfu: req 1D len 0 -> ack 0 word(s) [SEARCH]
rfu: req 1D len 0 -> ack 0 word(s) [SEARCH]
rfu: req 1D len 0 -> ack 0 word(s) [SEARCH]
rfu: req 1D len 0 -> ack 0 word(s) [SEARCH]
rfu: req 1D len 0 -> ack 0 word(s) [SEARCH]
rfu: req 1D len 0 -> ack 0 word(s) [SEARCH]
rfu: req 1D len 0 -> ack 0 word(s) [SEARCH]
rfu: req 1D len 0 -> ack 0 word(s) [SEARCH]
rfu: req 1D len 0 -> ack 0 word(s) [SEARCH]
rfu: req 1D len 0 -> ack 0 word(s) [SEARCH]
rfu: req 1D len 0 -> ack 0 word(s) [SEARCH]
rfu: req 1D len 0 -> ack 0 word(s) [SEARCH]
rfu: req 1D len 0 -> ack 0 word(s) [SEARCH]
rfu: req 1D len 0 -> ack 0 word(s) [SEARCH]
rfu: req 1D len 0 -> ack 0 word(s) [SEARCH]
rfu: req 1D len 0 -> ack 0 word(s) [SEARCH]
rfu: req 1D len 0 -> ack 0 word(s) [SEARCH]
rfu: req 1D len 0 -> ack 0 word(s) [SEARCH]
rfu: req 1D len 0 -> ack 0 word(s) [SEARCH]
rfu: req 1D len 0 -> ack 0 word(s) [SEARCH]
rfu: req 1D len 0 -> ack 0 word(s) [SEARCH]
rfu: req 1D len 0 -> ack 0 word(s) [SEARCH]
rfu: req 1D len 0 -> ack 0 word(s) [SEARCH]
rfu: req 1E len 0 -> ack 0 word(s) [IDLE]
rfu: req 13 len 0 -> ack 1 word(s) [IDLE]
rfu: hosting, device id a567
rfu: req 19 len 0 -> ack 0 word(s) [HOST-OPEN]
rfu: req 1A len 0 -> ack 0 word(s) [HOST-OPEN]
rfu: req 13 len 0 -> ack 1 word(s) [HOST-OPEN]
rfu: req 1A len 0 -> ack 0 word(s) [HOST-OPEN]
rfu: req 1A len 0 -> ack 0 word(s) [HOST-OPEN]
rfu: req 1A len 0 -> ack 0 word(s) [HOST-OPEN]
rfu: req 1A len 0 -> ack 0 word(s) [HOST-OPEN]
rfu: req 1A len 0 -> ack 0 word(s) [HOST-OPEN]
rfu: req 1A len 0 -> ack 0 word(s) [HOST-OPEN]
rfu: req 1A len 0 -> ack 0 word(s) [HOST-OPEN]
rfu: req 1A len 0 -> ack 0 word(s) [HOST-OPEN]
rfu: req 1A len 0 -> ack 0 word(s) [HOST-OPEN]
rfu: req 1A len 0 -> ack 0 word(s) [HOST-OPEN]
rfu: req 1A len 0 -> ack 0 word(s) [HOST-OPEN]
rfu: req 1A len 0 -> ack 0 word(s) [HOST-OPEN]
rfu: req 1A len 0 -> ack 0 word(s) [HOST-OPEN]
rfu: req 1A len 0 -> ack 0 word(s) [HOST-OPEN]
rfu: req 1A len 0 -> ack 0 word(s) [HOST-OPEN]
rfu: req 1A len 0 -> ack 0 word(s) [HOST-OPEN]
rfu: req 1A len 0 -> ack 0 word(s) [HOST-OPEN]
rfu: req 1A len 0 -> ack 0 word(s) [HOST-OPEN]
rfu: req 1A len 0 -> ack 0 word(s) [HOST-OPEN]
rfu: req 1A len 0 -> ack 0 word(s) [HOST-OPEN]
rfu: req 1A len 0 -> ack 0 word(s) [HOST-OPEN]
rfu: req 1A len 0 -> ack 0 word(s) [HOST-OPEN]
rfu: req 1A len 0 -> ack 0 word(s) [HOST-OPEN]
rfu: req 1A len 0 -> ack 0 word(s) [HOST-OPEN]
rfu: req 1A len 0 -> ack 0 word(s) [HOST-OPEN]
rfu: req 1A len 0 -> ack 0 word(s) [HOST-OPEN]
rfu: req 1A len 0 -> ack 0 word(s) [HOST-OPEN]
rfu: req 1A len 0 -> ack 0 word(s) [HOST-OPEN]
rfu: req 1A len 0 -> ack 0 word(s) [HOST-OPEN]
rfu: req 1A len 0 -> ack 0 word(s) [HOST-OPEN]
rfu: req 1A len 0 -> ack 0 word(s) [HOST-OPEN]
rfu: req 1A len 0 -> ack 0 word(s) [HOST-OPEN]
rfu: req 1A len 0 -> ack 0 word(s) [HOST-OPEN]
rfu: req 1A len 0 -> ack 0 word(s) [HOST-OPEN]
rfu: req 1A len 0 -> ack 0 word(s) [HOST-OPEN]
rfu: req 1A len 0 -> ack 0 word(s) [HOST-OPEN]
rfu: req 1A len 0 -> ack 0 word(s) [HOST-OPEN]
rfu: req 1A len 0 -> ack 0 word(s) [HOST-OPEN]
rfu: req 1A len 0 -> ack 0 word(s) [HOST-OPEN]
rfu: req 1A len 0 -> ack 0 word(s) [HOST-OPEN]
rfu: req 1A len 0 -> ack 0 word(s) [HOST-OPEN]
rfu: req 1A len 0 -> ack 0 word(s) [HOST-OPEN]
rfu: req 1A len 0 -> ack 0 word(s) [HOST-OPEN]
rfu: req 1A len 0 -> ack 0 word(s) [HOST-OPEN]
rfu: req 1A len 0 -> ack 0 word(s) [HOST-OPEN]
rfu: req 1A len 0 -> ack 0 word(s) [HOST-OPEN]
rfu: req 1A len 0 -> ack 0 word(s) [HOST-OPEN]
rfu: req 1A len 0 -> ack 0 word(s) [HOST-OPEN]
rfu: req 1A len 0 -> ack 0 word(s) [HOST-OPEN]
rfu: req 1A len 0 -> ack 0 word(s) [HOST-OPEN]
rfu: req 1B len 0 -> ack 0 word(s) [IDLE]
rfu: req 13 len 0 -> ack 1 word(s) [IDLE]
rfu: hosting, device id 2521
rfu: req 19 len 0 -> ack 0 word(s) [HOST-OPEN]
rfu: req 1A len 0 -> ack 0 word(s) [HOST-OPEN]
rfu: req 13 len 0 -> ack 1 word(s) [HOST-OPEN]
rfu: req 1A len 0 -> ack 0 word(s) [HOST-OPEN]
rfu: req 1A len 0 -> ack 0 word(s) [HOST-OPEN]
rfu: req 1A len 0 -> ack 0 word(s) [HOST-OPEN]
rfu: req 1A len 0 -> ack 0 word(s) [HOST-OPEN]
rfu: req 1A len 0 -> ack 0 word(s) [HOST-OPEN]
rfu: req 1A len 0 -> ack 0 word(s) [HOST-OPEN]
rfu: req 1A len 0 -> ack 0 word(s) [HOST-OPEN]
rfu: req 1A len 0 -> ack 0 word(s) [HOST-OPEN]
rfu: req 1A len 0 -> ack 0 word(s) [HOST-OPEN]
rfu: req 1A len 0 -> ack 0 word(s) [HOST-OPEN]
rfu: req 1A len 0 -> ack 0 word(s) [HOST-OPEN]
rfu: req 1A len 0 -> ack 0 word(s) [HOST-OPEN]
rfu: req 1A len 0 -> ack 0 word(s) [HOST-OPEN]
rfu: req 1A len 0 -> ack 0 word(s) [HOST-OPEN]
rfu: req 1A len 0 -> ack 0 word(s) [HOST-OPEN]
rfu: req 1A len 0 -> ack 0 word(s) [HOST-OPEN]
rfu: req 1A len 0 -> ack 0 word(s) [HOST-OPEN]
rfu: req 1A len 0 -> ack 0 word(s) [HOST-OPEN]
rfu: req 1A len 0 -> ack 0 word(s) [HOST-OPEN]
rfu: req 1A len 0 -> ack 0 word(s) [HOST-OPEN]
rfu: req 1A len 0 -> ack 0 word(s) [HOST-OPEN]
rfu: req 1A len 0 -> ack 0 word(s) [HOST-OPEN]
rfu: req 1A len 0 -> ack 0 word(s) [HOST-OPEN]
rfu: req 1A len 0 -> ack 0 word(s) [HOST-OPEN]
rfu: req 1A len 0 -> ack 0 word(s) [HOST-OPEN]
rfu: req 1A len 0 -> ack 0 word(s) [HOST-OPEN]
rfu: req 1A len 0 -> ack 0 word(s) [HOST-OPEN]
rfu: req 1A len 0 -> ack 0 word(s) [HOST-OPEN]
rfu: req 1A len 0 -> ack 0 word(s) [HOST-OPEN]
rfu: req 1A len 0 -> ack 0 word(s) [HOST-OPEN]
rfu: req 1A len 0 -> ack 0 word(s) [HOST-OPEN]
rfu: req 1A len 0 -> ack 0 word(s) [HOST-OPEN]
rfu: req 1A len 0 -> ack 0 word(s) [HOST-OPEN]
rfu: req 1A len 0 -> ack 0 word(s) [HOST-OPEN]
rfu: req 1A len 0 -> ack 0 word(s) [HOST-OPEN]
rfu: req 1A len 0 -> ack 0 word(s) [HOST-OPEN]
rfu: req 1A len 0 -> ack 0 word(s) [HOST-OPEN]
rfu: req 1A len 0 -> ack 0 word(s) [HOST-OPEN]
rfu: req 1A len 0 -> ack 0 word(s) [HOST-OPEN]
rfu: req 1A len 0 -> ack 0 word(s) [HOST-OPEN]
rfu: req 1A len 0 -> ack 0 word(s) [HOST-OPEN]
rfu: req 1A len 0 -> ack 0 word(s) [HOST-OPEN]
rfu: req 1A len 0 -> ack 0 word(s) [HOST-OPEN]
rfu: req 1A len 0 -> ack 0 word(s) [HOST-OPEN]
rfu: req 1A len 0 -> ack 0 word(s) [HOST-OPEN]
rfu: req 1A len 0 -> ack 0 word(s) [HOST-OPEN]
rfu: req 1A len 0 -> ack 0 word(s) [HOST-OPEN]
rfu: req 1A len 0 -> ack 0 word(s) [HOST-OPEN]
rfu: req 1A len 0 -> ack 0 word(s) [HOST-OPEN]
rfu: req 1A len 0 -> ack 0 word(s) [HOST-OPEN]
rfu: req 1A len 0 -> ack 0 word(s) [HOST-OPEN]
rfu: req 1A len 0 -> ack 0 word(s) [HOST-OPEN]
rfu: req 1A len 0 -> ack 0 word(s) [HOST-OPEN]
rfu: req 1A len 0 -> ack 0 word(s) [HOST-OPEN]
rfu: req 1A len 0 -> ack 0 word(s) [HOST-OPEN]
rfu: req 1A len 0 -> ack 0 word(s) [HOST-OPEN]
rfu: req 1A len 0 -> ack 0 word(s) [HOST-OPEN]
rfu: req 1A len 0 -> ack 0 word(s) [HOST-OPEN]
rfu: req 1A len 0 -> ack 0 word(s) [HOST-OPEN]
rfu: req 1A len 0 -> ack 0 word(s) [HOST-OPEN]
rfu: req 1A len 0 -> ack 0 word(s) [HOST-OPEN]
rfu: req 1A len 0 -> ack 0 word(s) [HOST-OPEN]
rfu: req 1B len 0 -> ack 0 word(s) [IDLE]
rfu: req 1C len 0 -> ack 0 word(s) [SEARCH]
rfu: req 1D len 0 -> ack 0 word(s) [SEARCH]
rfu: req 1D len 0 -> ack 0 word(s) [SEARCH]
rfu: req 1D len 0 -> ack 0 word(s) [SEARCH]
rfu: req 1D len 0 -> ack 0 word(s) [SEARCH]
rfu: req 1D len 0 -> ack 0 word(s) [SEARCH]
rfu: req 1D len 0 -> ack 0 word(s) [SEARCH]
rfu: req 1D len 0 -> ack 0 word(s) [SEARCH]
rfu: req 1D len 0 -> ack 0 word(s) [SEARCH]
rfu: req 1D len 0 -> ack 0 word(s) [SEARCH]
rfu: req 1D len 0 -> ack 0 word(s) [SEARCH]
rfu: req 1D len 0 -> ack 0 word(s) [SEARCH]
rfu: req 1D len 0 -> ack 0 word(s) [SEARCH]
rfu: req 1D len 0 -> ack 0 word(s) [SEARCH]
rfu: req 1D len 0 -> ack 0 word(s) [SEARCH]
rfu: req 1D len 0 -> ack 0 word(s) [SEARCH]
rfu: req 1D len 0 -> ack 0 word(s) [SEARCH]
rfu: req 1D len 0 -> ack 0 word(s) [SEARCH]
rfu: req 1D len 0 -> ack 0 word(s) [SEARCH]
rfu: req 1D len 0 -> ack 0 word(s) [SEARCH]
rfu: req 1D len 0 -> ack 0 word(s) [SEARCH]
rfu: req 1D len 0 -> ack 0 word(s) [SEARCH]
rfu: req 1D len 0 -> ack 0 word(s) [SEARCH]
rfu: req 1D len 0 -> ack 0 word(s) [SEARCH]
rfu: req 1D len 0 -> ack 0 word(s) [SEARCH]
rfu: req 1D len 0 -> ack 0 word(s) [SEARCH]
rfu: req 1D len 0 -> ack 0 word(s) [SEARCH]
rfu: req 1D len 0 -> ack 0 word(s) [SEARCH]
rfu: req 1D len 0 -> ack 0 word(s) [SEARCH]
rfu: req 1D len 0 -> ack 0 word(s) [SEARCH]
rfu: req 1D len 0 -> ack 0 word(s) [SEARCH]
rfu: req 1D len 0 -> ack 0 word(s) [SEARCH]
rfu: req 1D len 0 -> ack 0 word(s) [SEARCH]
rfu: req 1D len 0 -> ack 0 word(s) [SEARCH]
rfu: req 1D len 0 -> ack 0 word(s) [SEARCH]
rfu: req 1D len 0 -> ack 0 word(s) [SEARCH]
rfu: req 1D len 0 -> ack 0 word(s) [SEARCH]
rfu: req 1D len 0 -> ack 0 word(s) [SEARCH]
rfu: req 1D len 0 -> ack 0 word(s) [SEARCH]
rfu: req 1D len 0 -> ack 0 word(s) [SEARCH]
rfu: req 1E len 0 -> ack 0 word(s) [IDLE]
rfu: req 13 len 0 -> ack 1 word(s) [IDLE]
rfu: hosting, device id 0d5a
rfu: req 19 len 0 -> ack 0 word(s) [HOST-OPEN]
rfu: req 1A len 0 -> ack 0 word(s) [HOST-OPEN]
rfu: req 13 len 0 -> ack 1 word(s) [HOST-OPEN]
rfu: req 1A len 0 -> ack 0 word(s) [HOST-OPEN]
rfu: req 1A len 0 -> ack 0 word(s) [HOST-OPEN]
rfu: req 1A len 0 -> ack 0 word(s) [HOST-OPEN]
rfu: req 1A len 0 -> ack 0 word(s) [HOST-OPEN]
rfu: req 1A len 0 -> ack 0 word(s) [HOST-OPEN]
rfu: req 1A len 0 -> ack 0 word(s) [HOST-OPEN]
rfu: req 1A len 0 -> ack 0 word(s) [HOST-OPEN]
rfu: req 1A len 0 -> ack 0 word(s) [HOST-OPEN]
rfu: req 1A len 0 -> ack 0 word(s) [HOST-OPEN]
rfu: req 1A len 0 -> ack 0 word(s) [HOST-OPEN]
rfu: req 1A len 0 -> ack 0 word(s) [HOST-OPEN]
rfu: req 1A len 0 -> ack 0 word(s) [HOST-OPEN]
rfu: req 1A len 0 -> ack 0 word(s) [HOST-OPEN]
rfu: req 1A len 0 -> ack 0 word(s) [HOST-OPEN]
rfu: req 1A len 0 -> ack 0 word(s) [HOST-OPEN]
rfu: req 1A len 0 -> ack 0 word(s) [HOST-OPEN]
rfu: req 1A len 0 -> ack 0 word(s) [HOST-OPEN]
rfu: req 1A len 0 -> ack 0 word(s) [HOST-OPEN]
rfu: req 1A len 0 -> ack 0 word(s) [HOST-OPEN]
rfu: req 1A len 0 -> ack 0 word(s) [HOST-OPEN]
rfu: req 1A len 0 -> ack 0 word(s) [HOST-OPEN]
rfu: req 1A len 0 -> ack 0 word(s) [HOST-OPEN]
rfu: req 1A len 0 -> ack 0 word(s) [HOST-OPEN]
rfu: req 1A len 0 -> ack 0 word(s) [HOST-OPEN]
rfu: req 1A len 0 -> ack 0 word(s) [HOST-OPEN]
rfu: req 1A len 0 -> ack 0 word(s) [HOST-OPEN]
rfu: req 1A len 0 -> ack 0 word(s) [HOST-OPEN]
rfu: req 1A len 0 -> ack 0 word(s) [HOST-OPEN]
rfu: req 1A len 0 -> ack 0 word(s) [HOST-OPEN]
rfu: req 1A len 0 -> ack 0 word(s) [HOST-OPEN]
rfu: req 1A len 0 -> ack 0 word(s) [HOST-OPEN]
rfu: req 1A len 0 -> ack 0 word(s) [HOST-OPEN]
rfu: req 1A len 0 -> ack 0 word(s) [HOST-OPEN]
rfu: req 1A len 0 -> ack 0 word(s) [HOST-OPEN]
rfu: req 1A len 0 -> ack 0 word(s) [HOST-OPEN]
rfu: req 1A len 0 -> ack 0 word(s) [HOST-OPEN]
rfu: req 1A len 0 -> ack 0 word(s) [HOST-OPEN]
rfu: req 1A len 0 -> ack 0 word(s) [HOST-OPEN]
rfu: req 1A len 0 -> ack 0 word(s) [HOST-OPEN]
rfu: req 1A len 0 -> ack 0 word(s) [HOST-OPEN]
rfu: req 1A len 0 -> ack 0 word(s) [HOST-OPEN]
rfu: req 1A len 0 -> ack 0 word(s) [HOST-OPEN]
rfu: req 1A len 0 -> ack 0 word(s) [HOST-OPEN]
rfu: req 1A len 0 -> ack 0 word(s) [HOST-OPEN]
rfu: req 1A len 0 -> ack 0 word(s) [HOST-OPEN]
rfu: req 1A len 0 -> ack 0 word(s) [HOST-OPEN]
rfu: req 1A len 0 -> ack 0 word(s) [HOST-OPEN]
rfu: req 1A len 0 -> ack 0 word(s) [HOST-OPEN]
rfu: req 1A len 0 -> ack 0 word(s) [HOST-OPEN]
rfu: req 1A len 0 -> ack 0 word(s) [HOST-OPEN]
rfu: req 1A len 0 -> ack 0 word(s) [HOST-OPEN]
rfu: req 1A len 0 -> ack 0 word(s) [HOST-OPEN]
rfu: req 1A len 0 -> ack 0 word(s) [HOST-OPEN]
rfu: req 1A len 0 -> ack 0 word(s) [HOST-OPEN]
rfu: req 1A len 0 -> ack 0 word(s) [HOST-OPEN]
rfu: req 1A len 0 -> ack 0 word(s) [HOST-OPEN]
rfu: req 1A len 0 -> ack 0 word(s) [HOST-OPEN]
rfu: req 1A len 0 -> ack 0 word(s) [HOST-OPEN]
rfu: req 1A len 0 -> ack 0 word(s) [HOST-OPEN]
rfu: req 1A len 0 -> ack 0 word(s) [HOST-OPEN]
rfu: req 1A len 0 -> ack 0 word(s) [HOST-OPEN]
rfu: req 1A len 0 -> ack 0 word(s) [HOST-OPEN]
rfu: req 1A len 0 -> ack 0 word(s) [HOST-OPEN]
rfu: req 1A len 0 -> ack 0 word(s) [HOST-OPEN]
rfu: req 1A len 0 -> ack 0 word(s) [HOST-OPEN]
rfu: req 1A len 0 -> ack 0 word(s) [HOST-OPEN]
rfu: req 1A len 0 -> ack 0 word(s) [HOST-OPEN]
rfu: req 1A len 0 -> ack 0 word(s) [HOST-OPEN]
rfu: req 1A len 0 -> ack 0 word(s) [HOST-OPEN]
rfu: req 1A len 0 -> ack 0 word(s) [HOST-OPEN]
rfu: req 1A len 0 -> ack 0 word(s) [HOST-OPEN]
rfu: req 1A len 0 -> ack 0 word(s) [HOST-OPEN]
rfu: req 1A len 0 -> ack 0 word(s) [HOST-OPEN]
rfu: req 1A len 0 -> ack 0 word(s) [HOST-OPEN]
rfu: req 1A len 0 -> ack 0 word(s) [HOST-OPEN]
rfu: req 1A len 0 -> ack 0 word(s) [HOST-OPEN]
rfu: req 1B len 0 -> ack 0 word(s) [IDLE]
rfu: req 13 len 0 -> ack 1 word(s) [IDLE]
rfu: hosting, device id 36df
rfu: req 19 len 0 -> ack 0 word(s) [HOST-OPEN]
rfu: req 1A len 0 -> ack 0 word(s) [HOST-OPEN]
rfu: req 13 len 0 -> ack 1 word(s) [HOST-OPEN]
rfu: req 1A len 0 -> ack 0 word(s) [HOST-OPEN]
rfu: req 1A len 0 -> ack 0 word(s) [HOST-OPEN]
rfu: req 1A len 0 -> ack 0 word(s) [HOST-OPEN]
rfu: req 1A len 0 -> ack 0 word(s) [HOST-OPEN]
rfu: req 1A len 0 -> ack 0 word(s) [HOST-OPEN]
rfu: req 1A len 0 -> ack 0 word(s) [HOST-OPEN]
rfu: req 1A len 0 -> ack 0 word(s) [HOST-OPEN]
rfu: req 1A len 0 -> ack 0 word(s) [HOST-OPEN]
rfu: req 1A len 0 -> ack 0 word(s) [HOST-OPEN]
rfu: req 1A len 0 -> ack 0 word(s) [HOST-OPEN]
rfu: req 1A len 0 -> ack 0 word(s) [HOST-OPEN]
rfu: req 1A len 0 -> ack 0 word(s) [HOST-OPEN]
rfu: req 1A len 0 -> ack 0 word(s) [HOST-OPEN]
rfu: req 1A len 0 -> ack 0 word(s) [HOST-OPEN]
rfu: req 1A len 0 -> ack 0 word(s) [HOST-OPEN]
rfu: req 1A len 0 -> ack 0 word(s) [HOST-OPEN]
rfu: req 1A len 0 -> ack 0 word(s) [HOST-OPEN]
rfu: req 1A len 0 -> ack 0 word(s) [HOST-OPEN]
rfu: req 1A len 0 -> ack 0 word(s) [HOST-OPEN]
rfu: req 1A len 0 -> ack 0 word(s) [HOST-OPEN]
rfu: req 1A len 0 -> ack 0 word(s) [HOST-OPEN]
rfu: req 1A len 0 -> ack 0 word(s) [HOST-OPEN]
rfu: req 1A len 0 -> ack 0 word(s) [HOST-OPEN]
rfu: req 1A len 0 -> ack 0 word(s) [HOST-OPEN]
rfu: req 1A len 0 -> ack 0 word(s) [HOST-OPEN]
rfu: req 1A len 0 -> ack 0 word(s) [HOST-OPEN]
rfu: req 1A len 0 -> ack 0 word(s) [HOST-OPEN]
rfu: req 1A len 0 -> ack 0 word(s) [HOST-OPEN]
rfu: req 1A len 0 -> ack 0 word(s) [HOST-OPEN]
rfu: req 1A len 0 -> ack 0 word(s) [HOST-OPEN]
rfu: req 1A len 0 -> ack 0 word(s) [HOST-OPEN]
rfu: req 1A len 0 -> ack 0 word(s) [HOST-OPEN]
rfu: req 1A len 0 -> ack 0 word(s) [HOST-OPEN]
rfu: req 1A len 0 -> ack 0 word(s) [HOST-OPEN]
rfu: req 1A len 0 -> ack 0 word(s) [HOST-OPEN]
rfu: req 1A len 0 -> ack 0 word(s) [HOST-OPEN]
rfu: req 1A len 0 -> ack 0 word(s) [HOST-OPEN]
rfu: req 1A len 0 -> ack 0 word(s) [HOST-OPEN]
rfu: req 1A len 0 -> ack 0 word(s) [HOST-OPEN]
rfu: req 1A len 0 -> ack 0 word(s) [HOST-OPEN]
rfu: req 1A len 0 -> ack 0 word(s) [HOST-OPEN]
rfu: req 1A len 0 -> ack 0 word(s) [HOST-OPEN]
rfu: req 1A len 0 -> ack 0 word(s) [HOST-OPEN]
rfu: req 1A len 0 -> ack 0 word(s) [HOST-OPEN]
rfu: req 1A len 0 -> ack 0 word(s) [HOST-OPEN]
rfu: req 1A len 0 -> ack 0 word(s) [HOST-OPEN]
rfu: req 1A len 0 -> ack 0 word(s) [HOST-OPEN]
rfu: req 1A len 0 -> ack 0 word(s) [HOST-OPEN]
rfu: req 1A len 0 -> ack 0 word(s) [HOST-OPEN]
rfu: req 1A len 0 -> ack 0 word(s) [HOST-OPEN]
rfu: req 1A len 0 -> ack 0 word(s) [HOST-OPEN]
rfu: req 1A len 0 -> ack 0 word(s) [HOST-OPEN]
rfu: req 1A len 0 -> ack 0 word(s) [HOST-OPEN]
rfu: req 1A len 0 -> ack 0 word(s) [HOST-OPEN]
rfu: req 1A len 0 -> ack 0 word(s) [HOST-OPEN]
rfu: req 1A len 0 -> ack 0 word(s) [HOST-OPEN]
rfu: req 1A len 0 -> ack 0 word(s) [HOST-OPEN]
rfu: req 1A len 0 -> ack 0 word(s) [HOST-OPEN]
rfu: req 1A len 0 -> ack 0 word(s) [HOST-OPEN]
rfu: req 1A len 0 -> ack 0 word(s) [HOST-OPEN]
rfu: req 1A len 0 -> ack 0 word(s) [HOST-OPEN]
rfu: req 1A len 0 -> ack 0 word(s) [HOST-OPEN]
rfu: req 1A len 0 -> ack 0 word(s) [HOST-OPEN]
rfu: req 1A len 0 -> ack 0 word(s) [HOST-OPEN]
rfu: req 1B len 0 -> ack 0 word(s) [IDLE]
rfu: req 1C len 0 -> ack 0 word(s) [SEARCH]
rfu: req 1D len 0 -> ack 0 word(s) [SEARCH]
rfu: req 1D len 0 -> ack 0 word(s) [SEARCH]
rfu: req 1D len 0 -> ack 0 word(s) [SEARCH]
rfu: req 1D len 0 -> ack 0 word(s) [SEARCH]
rfu: req 1D len 0 -> ack 0 word(s) [SEARCH]
rfu: req 1D len 0 -> ack 0 word(s) [SEARCH]
rfu: req 1D len 0 -> ack 0 word(s) [SEARCH]
rfu: req 1D len 0 -> ack 0 word(s) [SEARCH]
rfu: req 1D len 0 -> ack 0 word(s) [SEARCH]
rfu: req 1D len 0 -> ack 0 word(s) [SEARCH]
rfu: req 1D len 0 -> ack 0 word(s) [SEARCH]
rfu: req 1D len 0 -> ack 0 word(s) [SEARCH]
rfu: req 1D len 0 -> ack 0 word(s) [SEARCH]
rfu: req 1D len 0 -> ack 0 word(s) [SEARCH]
rfu: req 1D len 0 -> ack 0 word(s) [SEARCH]
rfu: req 1D len 0 -> ack 0 word(s) [SEARCH]
rfu: req 1D len 0 -> ack 0 word(s) [SEARCH]
rfu: req 1D len 0 -> ack 0 word(s) [SEARCH]
rfu: req 1D len 0 -> ack 0 word(s) [SEARCH]
rfu: req 1D len 0 -> ack 0 word(s) [SEARCH]
rfu: req 1D len 0 -> ack 0 word(s) [SEARCH]
rfu: req 1D len 0 -> ack 0 word(s) [SEARCH]
rfu: req 1D len 0 -> ack 0 word(s) [SEARCH]
rfu: req 1D len 0 -> ack 0 word(s) [SEARCH]
rfu: req 1D len 0 -> ack 0 word(s) [SEARCH]
rfu: req 1D len 0 -> ack 0 word(s) [SEARCH]
rfu: req 1D len 0 -> ack 0 word(s) [SEARCH]
rfu: req 1D len 0 -> ack 0 word(s) [SEARCH]
rfu: req 1D len 0 -> ack 0 word(s) [SEARCH]
rfu: req 1D len 0 -> ack 0 word(s) [SEARCH]
rfu: req 1D len 0 -> ack 0 word(s) [SEARCH]
rfu: req 1D len 0 -> ack 0 word(s) [SEARCH]
rfu: req 1D len 0 -> ack 0 word(s) [SEARCH]
rfu: req 1D len 0 -> ack 0 word(s) [SEARCH]
rfu: req 1D len 0 -> ack 0 word(s) [SEARCH]
rfu: req 1D len 0 -> ack 0 word(s) [SEARCH]
rfu: req 1D len 0 -> ack 0 word(s) [SEARCH]
rfu: req 1D len 0 -> ack 0 word(s) [SEARCH]
rfu: req 1D len 0 -> ack 0 word(s) [SEARCH]
rfu: req 1E len 0 -> ack 0 word(s) [IDLE]
rfu: req 13 len 0 -> ack 1 word(s) [IDLE]
rfu: hosting, device id df50
rfu: req 19 len 0 -> ack 0 word(s) [HOST-OPEN]
rfu: req 1A len 0 -> ack 0 word(s) [HOST-OPEN]
rfu: req 13 len 0 -> ack 1 word(s) [HOST-OPEN]
rfu: req 1A len 0 -> ack 0 word(s) [HOST-OPEN]
rfu: req 1A len 0 -> ack 0 word(s) [HOST-OPEN]
rfu: req 1A len 0 -> ack 0 word(s) [HOST-OPEN]
rfu: req 1A len 0 -> ack 0 word(s) [HOST-OPEN]
rfu: req 1A len 0 -> ack 0 word(s) [HOST-OPEN]
rfu: req 1A len 0 -> ack 0 word(s) [HOST-OPEN]
rfu: req 1A len 0 -> ack 0 word(s) [HOST-OPEN]
rfu: req 1A len 0 -> ack 0 word(s) [HOST-OPEN]
rfu: req 1A len 0 -> ack 0 word(s) [HOST-OPEN]
rfu: req 1A len 0 -> ack 0 word(s) [HOST-OPEN]
rfu: req 1A len 0 -> ack 0 word(s) [HOST-OPEN]
rfu: req 1A len 0 -> ack 0 word(s) [HOST-OPEN]
rfu: req 1A len 0 -> ack 0 word(s) [HOST-OPEN]
rfu: req 1A len 0 -> ack 0 word(s) [HOST-OPEN]
rfu: req 1A len 0 -> ack 0 word(s) [HOST-OPEN]
rfu: req 1A len 0 -> ack 0 word(s) [HOST-OPEN]
rfu: req 1A len 0 -> ack 0 word(s) [HOST-OPEN]
rfu: req 1A len 0 -> ack 0 word(s) [HOST-OPEN]
rfu: req 1A len 0 -> ack 0 word(s) [HOST-OPEN]
rfu: req 1A len 0 -> ack 0 word(s) [HOST-OPEN]
rfu: req 1A len 0 -> ack 0 word(s) [HOST-OPEN]
rfu: req 1A len 0 -> ack 0 word(s) [HOST-OPEN]
rfu: req 1A len 0 -> ack 0 word(s) [HOST-OPEN]
rfu: req 1A len 0 -> ack 0 word(s) [HOST-OPEN]
rfu: req 1A len 0 -> ack 0 word(s) [HOST-OPEN]
rfu: req 1A len 0 -> ack 0 word(s) [HOST-OPEN]
rfu: req 1A len 0 -> ack 0 word(s) [HOST-OPEN]
rfu: req 1A len 0 -> ack 0 word(s) [HOST-OPEN]
rfu: req 1A len 0 -> ack 0 word(s) [HOST-OPEN]
rfu: req 1A len 0 -> ack 0 word(s) [HOST-OPEN]
rfu: req 1A len 0 -> ack 0 word(s) [HOST-OPEN]
rfu: req 1A len 0 -> ack 0 word(s) [HOST-OPEN]
rfu: req 1A len 0 -> ack 0 word(s) [HOST-OPEN]
rfu: req 1A len 0 -> ack 0 word(s) [HOST-OPEN]
rfu: req 1A len 0 -> ack 0 word(s) [HOST-OPEN]
rfu: req 1A len 0 -> ack 0 word(s) [HOST-OPEN]
rfu: req 1A len 0 -> ack 0 word(s) [HOST-OPEN]
rfu: req 1A len 0 -> ack 0 word(s) [HOST-OPEN]
rfu: req 1A len 0 -> ack 0 word(s) [HOST-OPEN]
rfu: req 1A len 0 -> ack 0 word(s) [HOST-OPEN]
rfu: req 1A len 0 -> ack 0 word(s) [HOST-OPEN]
rfu: req 1A len 0 -> ack 0 word(s) [HOST-OPEN]
rfu: req 1A len 0 -> ack 0 word(s) [HOST-OPEN]
rfu: req 1A len 0 -> ack 0 word(s) [HOST-OPEN]
rfu: req 1A len 0 -> ack 0 word(s) [HOST-OPEN]
rfu: req 1A len 0 -> ack 0 word(s) [HOST-OPEN]
rfu: req 1A len 0 -> ack 0 word(s) [HOST-OPEN]
rfu: req 1A len 0 -> ack 0 word(s) [HOST-OPEN]
rfu: req 1A len 0 -> ack 0 word(s) [HOST-OPEN]
rfu: req 1A len 0 -> ack 0 word(s) [HOST-OPEN]
rfu: req 1A len 0 -> ack 0 word(s) [HOST-OPEN]
rfu: req 1A len 0 -> ack 0 word(s) [HOST-OPEN]
rfu: req 1A len 0 -> ack 0 word(s) [HOST-OPEN]
rfu: req 1A len 0 -> ack 0 word(s) [HOST-OPEN]
rfu: req 1A len 0 -> ack 0 word(s) [HOST-OPEN]
rfu: req 1A len 0 -> ack 0 word(s) [HOST-OPEN]
rfu: req 1A len 0 -> ack 0 word(s) [HOST-OPEN]
rfu: req 1A len 0 -> ack 0 word(s) [HOST-OPEN]
rfu: req 1A len 0 -> ack 0 word(s) [HOST-OPEN]
rfu: req 1A len 0 -> ack 0 word(s) [HOST-OPEN]
rfu: req 1A len 0 -> ack 0 word(s) [HOST-OPEN]
rfu: req 1A len 0 -> ack 0 word(s) [HOST-OPEN]
rfu: req 1A len 0 -> ack 0 word(s) [HOST-OPEN]
rfu: req 1A len 0 -> ack 0 word(s) [HOST-OPEN]
rfu: req 1A len 0 -> ack 0 word(s) [HOST-OPEN]
rfu: req 1A len 0 -> ack 0 word(s) [HOST-OPEN]
rfu: req 1A len 0 -> ack 0 word(s) [HOST-OPEN]
rfu: req 1A len 0 -> ack 0 word(s) [HOST-OPEN]
rfu: req 1A len 0 -> ack 0 word(s) [HOST-OPEN]
rfu: req 1A len 0 -> ack 0 word(s) [HOST-OPEN]
rfu: req 1A len 0 -> ack 0 word(s) [HOST-OPEN]
rfu: req 1A len 0 -> ack 0 word(s) [HOST-OPEN]
rfu: req 1A len 0 -> ack 0 word(s) [HOST-OPEN]
rfu: req 1A len 0 -> ack 0 word(s) [HOST-OPEN]
rfu: req 1B len 0 -> ack 0 word(s) [IDLE]
rfu: req 13 len 0 -> ack 1 word(s) [IDLE]
rfu: hosting, device id 8e94
rfu: req 19 len 0 -> ack 0 word(s) [HOST-OPEN]
rfu: req 1A len 0 -> ack 0 word(s) [HOST-OPEN]
rfu: req 13 len 0 -> ack 1 word(s) [HOST-OPEN]
rfu: req 1A len 0 -> ack 0 word(s) [HOST-OPEN]
rfu: req 1A len 0 -> ack 0 word(s) [HOST-OPEN]
rfu: req 1A len 0 -> ack 0 word(s) [HOST-OPEN]
rfu: req 1A len 0 -> ack 0 word(s) [HOST-OPEN]
rfu: req 1A len 0 -> ack 0 word(s) [HOST-OPEN]
rfu: req 1A len 0 -> ack 0 word(s) [HOST-OPEN]
rfu: req 1A len 0 -> ack 0 word(s) [HOST-OPEN]
rfu: req 1A len 0 -> ack 0 word(s) [HOST-OPEN]
rfu: req 1A len 0 -> ack 0 word(s) [HOST-OPEN]
rfu: req 1A len 0 -> ack 0 word(s) [HOST-OPEN]
rfu: req 1A len 0 -> ack 0 word(s) [HOST-OPEN]
rfu: req 1A len 0 -> ack 0 word(s) [HOST-OPEN]
rfu: req 1A len 0 -> ack 0 word(s) [HOST-OPEN]
rfu: req 1A len 0 -> ack 0 word(s) [HOST-OPEN]
rfu: req 1A len 0 -> ack 0 word(s) [HOST-OPEN]
rfu: req 1A len 0 -> ack 0 word(s) [HOST-OPEN]
rfu: req 1A len 0 -> ack 0 word(s) [HOST-OPEN]
rfu: req 1A len 0 -> ack 0 word(s) [HOST-OPEN]
rfu: req 1A len 0 -> ack 0 word(s) [HOST-OPEN]
rfu: req 1A len 0 -> ack 0 word(s) [HOST-OPEN]
rfu: req 1A len 0 -> ack 0 word(s) [HOST-OPEN]
rfu: req 1A len 0 -> ack 0 word(s) [HOST-OPEN]
rfu: req 1A len 0 -> ack 0 word(s) [HOST-OPEN]
rfu: req 1A len 0 -> ack 0 word(s) [HOST-OPEN]
rfu: req 1A len 0 -> ack 0 word(s) [HOST-OPEN]
rfu: req 1A len 0 -> ack 0 word(s) [HOST-OPEN]
rfu: req 1A len 0 -> ack 0 word(s) [HOST-OPEN]
rfu: req 1A len 0 -> ack 0 word(s) [HOST-OPEN]
rfu: req 1A len 0 -> ack 0 word(s) [HOST-OPEN]
rfu: req 1A len 0 -> ack 0 word(s) [HOST-OPEN]
rfu: req 1A len 0 -> ack 0 word(s) [HOST-OPEN]
rfu: req 1A len 0 -> ack 0 word(s) [HOST-OPEN]
rfu: req 1A len 0 -> ack 0 word(s) [HOST-OPEN]
rfu: req 1A len 0 -> ack 0 word(s) [HOST-OPEN]
rfu: req 1A len 0 -> ack 0 word(s) [HOST-OPEN]
rfu: req 1A len 0 -> ack 0 word(s) [HOST-OPEN]
rfu: req 1A len 0 -> ack 0 word(s) [HOST-OPEN]
rfu: req 1A len 0 -> ack 0 word(s) [HOST-OPEN]
rfu: req 1A len 0 -> ack 0 word(s) [HOST-OPEN]
rfu: req 1A len 0 -> ack 0 word(s) [HOST-OPEN]
rfu: req 1A len 0 -> ack 0 word(s) [HOST-OPEN]
rfu: req 1A len 0 -> ack 0 word(s) [HOST-OPEN]
rfu: req 1A len 0 -> ack 0 word(s) [HOST-OPEN]
rfu: req 1A len 0 -> ack 0 word(s) [HOST-OPEN]
rfu: req 1A len 0 -> ack 0 word(s) [HOST-OPEN]
rfu: req 1A len 0 -> ack 0 word(s) [HOST-OPEN]
rfu: req 1A len 0 -> ack 0 word(s) [HOST-OPEN]
rfu: req 1A len 0 -> ack 0 word(s) [HOST-OPEN]
rfu: req 1A len 0 -> ack 0 word(s) [HOST-OPEN]
rfu: req 1A len 0 -> ack 0 word(s) [HOST-OPEN]
rfu: req 1A len 0 -> ack 0 word(s) [HOST-OPEN]
rfu: req 1A len 0 -> ack 0 word(s) [HOST-OPEN]
rfu: req 1A len 0 -> ack 0 word(s) [HOST-OPEN]
rfu: req 1A len 0 -> ack 0 word(s) [HOST-OPEN]
rfu: req 1A len 0 -> ack 0 word(s) [HOST-OPEN]
rfu: req 1A len 0 -> ack 0 word(s) [HOST-OPEN]
rfu: req 1A len 0 -> ack 0 word(s) [HOST-OPEN]
rfu: req 1A len 0 -> ack 0 word(s) [HOST-OPEN]
rfu: req 1A len 0 -> ack 0 word(s) [HOST-OPEN]
rfu: req 1A len 0 -> ack 0 word(s) [HOST-OPEN]
rfu: req 1A len 0 -> ack 0 word(s) [HOST-OPEN]
rfu: req 1A len 0 -> ack 0 word(s) [HOST-OPEN]
rfu: req 1A len 0 -> ack 0 word(s) [HOST-OPEN]
rfu: req 1A len 0 -> ack 0 word(s) [HOST-OPEN]
rfu: req 1A len 0 -> ack 0 word(s) [HOST-OPEN]
rfu: req 1A len 0 -> ack 0 word(s) [HOST-OPEN]
rfu: req 1A len 0 -> ack 0 word(s) [HOST-OPEN]
rfu: req 1A len 0 -> ack 0 word(s) [HOST-OPEN]
rfu: req 1A len 0 -> ack 0 word(s) [HOST-OPEN]
rfu: req 1A len 0 -> ack 0 word(s) [HOST-OPEN]
rfu: req 1A len 0 -> ack 0 word(s) [HOST-OPEN]
rfu: req 1A len 0 -> ack 0 word(s) [HOST-OPEN]
rfu: req 1A len 0 -> ack 0 word(s) [HOST-OPEN]
rfu: req 1A len 0 -> ack 0 word(s) [HOST-OPEN]
rfu: req 1A len 0 -> ack 0 word(s) [HOST-OPEN]
rfu: req 1A len 0 -> ack 0 word(s) [HOST-OPEN]
rfu: req 1A len 0 -> ack 0 word(s) [HOST-OPEN]
rfu: req 1A len 0 -> ack 0 word(s) [HOST-OPEN]
rfu: req 1A len 0 -> ack 0 word(s) [HOST-OPEN]
rfu: req 1A len 0 -> ack 0 word(s) [HOST-OPEN]
rfu: req 1A len 0 -> ack 0 word(s) [HOST-OPEN]
rfu: req 1A len 0 -> ack 0 word(s) [HOST-OPEN]
rfu: req 1A len 0 -> ack 0 word(s) [HOST-OPEN]
rfu: req 1A len 0 -> ack 0 word(s) [HOST-OPEN]
rfu: req 1A len 0 -> ack 0 word(s) [HOST-OPEN]
rfu: req 1A len 0 -> ack 0 word(s) [HOST-OPEN]
rfu: req 1A len 0 -> ack 0 word(s) [HOST-OPEN]
rfu: req 1A len 0 -> ack 0 word(s) [HOST-OPEN]
rfu: req 1A len 0 -> ack 0 word(s) [HOST-OPEN]
rfu: req 1A len 0 -> ack 0 word(s) [HOST-OPEN]
rfu: req 1A len 0 -> ack 0 word(s) [HOST-OPEN]
rfu: req 1A len 0 -> ack 0 word(s) [HOST-OPEN]
rfu: req 1A len 0 -> ack 0 word(s) [HOST-OPEN]
rfu: req 1A len 0 -> ack 0 word(s) [HOST-OPEN]
rfu: req 1A len 0 -> ack 0 word(s) [HOST-OPEN]
rfu: req 1A len 0 -> ack 0 word(s) [HOST-OPEN]
rfu: req 1A len 0 -> ack 0 word(s) [HOST-OPEN]
rfu: req 1A len 0 -> ack 0 word(s) [HOST-OPEN]
rfu: req 1A len 0 -> ack 0 word(s) [HOST-OPEN]
rfu: req 1A len 0 -> ack 0 word(s) [HOST-OPEN]
rfu: req 1A len 0 -> ack 0 word(s) [HOST-OPEN]
rfu: req 1A len 0 -> ack 0 word(s) [HOST-OPEN]
rfu: req 1A len 0 -> ack 0 word(s) [HOST-OPEN]
rfu: req 1A len 0 -> ack 0 word(s) [HOST-OPEN]
rfu: req 1A len 0 -> ack 0 word(s) [HOST-OPEN]
rfu: req 1A len 0 -> ack 0 word(s) [HOST-OPEN]
rfu: req 1A len 0 -> ack 0 word(s) [HOST-OPEN]
rfu: req 1A len 0 -> ack 0 word(s) [HOST-OPEN]
rfu: req 1A len 0 -> ack 0 word(s) [HOST-OPEN]
rfu: req 1A len 0 -> ack 0 word(s) [HOST-OPEN]
rfu: req 1A len 0 -> ack 0 word(s) [HOST-OPEN]
rfu: req 1A len 0 -> ack 0 word(s) [HOST-OPEN]
rfu: req 1B len 0 -> ack 0 word(s) [IDLE]
rfu: req 1C len 0 -> ack 0 word(s) [SEARCH]
rfu: req 1D len 0 -> ack 0 word(s) [SEARCH]
rfu: req 1D len 0 -> ack 0 word(s) [SEARCH]
rfu: req 1D len 0 -> ack 0 word(s) [SEARCH]
rfu: req 1D len 0 -> ack 0 word(s) [SEARCH]
rfu: req 1D len 0 -> ack 0 word(s) [SEARCH]
rfu: req 1D len 0 -> ack 0 word(s) [SEARCH]
rfu: req 1D len 0 -> ack 0 word(s) [SEARCH]
rfu: req 1D len 0 -> ack 0 word(s) [SEARCH]
rfu: req 1D len 0 -> ack 0 word(s) [SEARCH]
rfu: req 1D len 0 -> ack 0 word(s) [SEARCH]
rfu: req 1D len 0 -> ack 0 word(s) [SEARCH]
rfu: req 1D len 0 -> ack 0 word(s) [SEARCH]
rfu: req 1D len 0 -> ack 0 word(s) [SEARCH]
rfu: req 1D len 0 -> ack 0 word(s) [SEARCH]
rfu: req 1D len 0 -> ack 0 word(s) [SEARCH]
rfu: req 1D len 0 -> ack 0 word(s) [SEARCH]
rfu: req 1D len 0 -> ack 0 word(s) [SEARCH]
rfu: req 1D len 0 -> ack 0 word(s) [SEARCH]
rfu: req 1D len 0 -> ack 0 word(s) [SEARCH]
rfu: req 1D len 0 -> ack 0 word(s) [SEARCH]
rfu: req 1D len 0 -> ack 0 word(s) [SEARCH]
rfu: req 1D len 0 -> ack 0 word(s) [SEARCH]
rfu: req 1D len 0 -> ack 0 word(s) [SEARCH]
rfu: req 1D len 0 -> ack 0 word(s) [SEARCH]
rfu: req 1D len 0 -> ack 0 word(s) [SEARCH]
rfu: req 1D len 0 -> ack 0 word(s) [SEARCH]
rfu: req 1D len 0 -> ack 0 word(s) [SEARCH]
rfu: req 1D len 0 -> ack 0 word(s) [SEARCH]
rfu: req 1D len 0 -> ack 0 word(s) [SEARCH]
rfu: req 1D len 0 -> ack 0 word(s) [SEARCH]
rfu: req 1D len 0 -> ack 0 word(s) [SEARCH]
rfu: req 1D len 0 -> ack 0 word(s) [SEARCH]
rfu: req 1D len 0 -> ack 0 word(s) [SEARCH]
rfu: req 1D len 0 -> ack 0 word(s) [SEARCH]
rfu: req 1D len 0 -> ack 0 word(s) [SEARCH]
rfu: req 1D len 0 -> ack 0 word(s) [SEARCH]
rfu: req 1D len 0 -> ack 0 word(s) [SEARCH]
rfu: req 1D len 0 -> ack 0 word(s) [SEARCH]
rfu: req 1D len 0 -> ack 0 word(s) [SEARCH]
rfu: req 1E len 0 -> ack 0 word(s) [IDLE]
rfu: req 13 len 0 -> ack 1 word(s) [IDLE]
rfu: hosting, device id 92eb
rfu: req 19 len 0 -> ack 0 word(s) [HOST-OPEN]
rfu: req 1A len 0 -> ack 0 word(s) [HOST-OPEN]
rfu: req 13 len 0 -> ack 1 word(s) [HOST-OPEN]
rfu: req 1A len 0 -> ack 0 word(s) [HOST-OPEN]
rfu: req 1A len 0 -> ack 0 word(s) [HOST-OPEN]
rfu: req 1A len 0 -> ack 0 word(s) [HOST-OPEN]
rfu: req 1A len 0 -> ack 0 word(s) [HOST-OPEN]
rfu: req 1A len 0 -> ack 0 word(s) [HOST-OPEN]
rfu: req 1A len 0 -> ack 0 word(s) [HOST-OPEN]
rfu: req 1A len 0 -> ack 0 word(s) [HOST-OPEN]
rfu: req 1A len 0 -> ack 0 word(s) [HOST-OPEN]
rfu: req 1A len 0 -> ack 0 word(s) [HOST-OPEN]
rfu: req 1A len 0 -> ack 0 word(s) [HOST-OPEN]
rfu: req 1A len 0 -> ack 0 word(s) [HOST-OPEN]
rfu: req 1A len 0 -> ack 0 word(s) [HOST-OPEN]
rfu: req 1A len 0 -> ack 0 word(s) [HOST-OPEN]
rfu: req 1A len 0 -> ack 0 word(s) [HOST-OPEN]
rfu: req 1A len 0 -> ack 0 word(s) [HOST-OPEN]
rfu: req 1A len 0 -> ack 0 word(s) [HOST-OPEN]
rfu: req 1A len 0 -> ack 0 word(s) [HOST-OPEN]
rfu: req 1A len 0 -> ack 0 word(s) [HOST-OPEN]
rfu: req 1A len 0 -> ack 0 word(s) [HOST-OPEN]
rfu: req 1A len 0 -> ack 0 word(s) [HOST-OPEN]
rfu: req 1A len 0 -> ack 0 word(s) [HOST-OPEN]
rfu: req 1A len 0 -> ack 0 word(s) [HOST-OPEN]
rfu: req 1A len 0 -> ack 0 word(s) [HOST-OPEN]
rfu: req 1A len 0 -> ack 0 word(s) [HOST-OPEN]
rfu: req 1A len 0 -> ack 0 word(s) [HOST-OPEN]
rfu: req 1A len 0 -> ack 0 word(s) [HOST-OPEN]
rfu: req 1B len 0 -> ack 0 word(s) [IDLE]
rfu: req 13 len 0 -> ack 1 word(s) [IDLE]
rfu: hosting, device id 0d07
rfu: req 19 len 0 -> ack 0 word(s) [HOST-OPEN]
rfu: req 1A len 0 -> ack 0 word(s) [HOST-OPEN]
rfu: req 13 len 0 -> ack 1 word(s) [HOST-OPEN]
rfu: req 1A len 0 -> ack 0 word(s) [HOST-OPEN]
rfu: req 1A len 0 -> ack 0 word(s) [HOST-OPEN]
rfu: req 1A len 0 -> ack 0 word(s) [HOST-OPEN]
rfu: req 1A len 0 -> ack 0 word(s) [HOST-OPEN]
rfu: req 1A len 0 -> ack 0 word(s) [HOST-OPEN]
rfu: req 1A len 0 -> ack 0 word(s) [HOST-OPEN]
rfu: req 1A len 0 -> ack 0 word(s) [HOST-OPEN]
rfu: req 1A len 0 -> ack 0 word(s) [HOST-OPEN]
rfu: req 1A len 0 -> ack 0 word(s) [HOST-OPEN]
rfu: req 1A len 0 -> ack 0 word(s) [HOST-OPEN]
rfu: req 1A len 0 -> ack 0 word(s) [HOST-OPEN]
rfu: req 1A len 0 -> ack 0 word(s) [HOST-OPEN]
rfu: req 1A len 0 -> ack 0 word(s) [HOST-OPEN]
rfu: req 1A len 0 -> ack 0 word(s) [HOST-OPEN]
rfu: req 1A len 0 -> ack 0 word(s) [HOST-OPEN]
rfu: req 1A len 0 -> ack 0 word(s) [HOST-OPEN]
rfu: req 1A len 0 -> ack 0 word(s) [HOST-OPEN]
rfu: req 1A len 0 -> ack 0 word(s) [HOST-OPEN]
rfu: req 1A len 0 -> ack 0 word(s) [HOST-OPEN]
rfu: req 1A len 0 -> ack 0 word(s) [HOST-OPEN]
rfu: req 1A len 0 -> ack 0 word(s) [HOST-OPEN]
rfu: req 1A len 0 -> ack 0 word(s) [HOST-OPEN]
rfu: req 1A len 0 -> ack 0 word(s) [HOST-OPEN]
rfu: req 1A len 0 -> ack 0 word(s) [HOST-OPEN]
rfu: req 1A len 0 -> ack 0 word(s) [HOST-OPEN]
rfu: req 1A len 0 -> ack 0 word(s) [HOST-OPEN]
rfu: req 1A len 0 -> ack 0 word(s) [HOST-OPEN]
rfu: req 1A len 0 -> ack 0 word(s) [HOST-OPEN]
rfu: req 1A len 0 -> ack 0 word(s) [HOST-OPEN]
rfu: req 1A len 0 -> ack 0 word(s) [HOST-OPEN]
rfu: req 1A len 0 -> ack 0 word(s) [HOST-OPEN]
rfu: req 1A len 0 -> ack 0 word(s) [HOST-OPEN]
rfu: req 1A len 0 -> ack 0 word(s) [HOST-OPEN]
rfu: req 1A len 0 -> ack 0 word(s) [HOST-OPEN]
rfu: req 1A len 0 -> ack 0 word(s) [HOST-OPEN]
rfu: req 1A len 0 -> ack 0 word(s) [HOST-OPEN]
rfu: req 1A len 0 -> ack 0 word(s) [HOST-OPEN]
rfu: req 1A len 0 -> ack 0 word(s) [HOST-OPEN]
rfu: req 1A len 0 -> ack 0 word(s) [HOST-OPEN]
rfu: req 1A len 0 -> ack 0 word(s) [HOST-OPEN]
rfu: req 1A len 0 -> ack 0 word(s) [HOST-OPEN]
rfu: req 1A len 0 -> ack 0 word(s) [HOST-OPEN]
rfu: req 1B len 0 -> ack 0 word(s) [IDLE]
rfu: req 1C len 0 -> ack 0 word(s) [SEARCH]
rfu: req 1D len 0 -> ack 0 word(s) [SEARCH]
rfu: req 1D len 0 -> ack 0 word(s) [SEARCH]
rfu: req 1D len 0 -> ack 0 word(s) [SEARCH]
rfu: req 1D len 0 -> ack 0 word(s) [SEARCH]
rfu: req 1D len 0 -> ack 0 word(s) [SEARCH]
rfu: req 1D len 0 -> ack 0 word(s) [SEARCH]
rfu: req 1D len 0 -> ack 0 word(s) [SEARCH]
rfu: req 1D len 0 -> ack 0 word(s) [SEARCH]
rfu: req 1D len 0 -> ack 0 word(s) [SEARCH]
rfu: req 1D len 0 -> ack 0 word(s) [SEARCH]
rfu: req 1D len 0 -> ack 0 word(s) [SEARCH]
rfu: req 1D len 0 -> ack 0 word(s) [SEARCH]
rfu: req 1D len 0 -> ack 0 word(s) [SEARCH]
rfu: req 1D len 0 -> ack 0 word(s) [SEARCH]
rfu: req 1D len 0 -> ack 0 word(s) [SEARCH]
rfu: req 1D len 0 -> ack 0 word(s) [SEARCH]
rfu: req 1D len 0 -> ack 0 word(s) [SEARCH]
rfu: req 1D len 0 -> ack 0 word(s) [SEARCH]
rfu: req 1D len 0 -> ack 0 word(s) [SEARCH]
rfu: req 1D len 0 -> ack 0 word(s) [SEARCH]
rfu: req 1D len 0 -> ack 0 word(s) [SEARCH]
rfu: req 1D len 0 -> ack 0 word(s) [SEARCH]
rfu: req 1D len 0 -> ack 0 word(s) [SEARCH]
rfu: req 1D len 0 -> ack 0 word(s) [SEARCH]
rfu: req 1D len 0 -> ack 0 word(s) [SEARCH]
rfu: req 1D len 0 -> ack 0 word(s) [SEARCH]
rfu: req 1D len 0 -> ack 0 word(s) [SEARCH]
rfu: req 1D len 0 -> ack 0 word(s) [SEARCH]
rfu: req 1D len 0 -> ack 0 word(s) [SEARCH]
rfu: req 1D len 0 -> ack 0 word(s) [SEARCH]
rfu: req 1D len 0 -> ack 0 word(s) [SEARCH]
rfu: req 1D len 0 -> ack 0 word(s) [SEARCH]
rfu: req 1D len 0 -> ack 0 word(s) [SEARCH]
rfu: req 1D len 0 -> ack 0 word(s) [SEARCH]
rfu: req 1D len 0 -> ack 0 word(s) [SEARCH]
rfu: req 1D len 0 -> ack 0 word(s) [SEARCH]
rfu: req 1D len 0 -> ack 0 word(s) [SEARCH]
rfu: req 1D len 0 -> ack 0 word(s) [SEARCH]
rfu: req 1D len 0 -> ack 0 word(s) [SEARCH]
rfu: req 1E len 0 -> ack 0 word(s) [IDLE]
rfu: req 13 len 0 -> ack 1 word(s) [IDLE]
rfu: hosting, device id 85bf
rfu: req 19 len 0 -> ack 0 word(s) [HOST-OPEN]
rfu: req 1A len 0 -> ack 0 word(s) [HOST-OPEN]
rfu: req 13 len 0 -> ack 1 word(s) [HOST-OPEN]
rfu: req 1A len 0 -> ack 0 word(s) [HOST-OPEN]
rfu: req 1A len 0 -> ack 0 word(s) [HOST-OPEN]
rfu: req 1A len 0 -> ack 0 word(s) [HOST-OPEN]
rfu: req 1A len 0 -> ack 0 word(s) [HOST-OPEN]
rfu: req 1A len 0 -> ack 0 word(s) [HOST-OPEN]
rfu: req 1A len 0 -> ack 0 word(s) [HOST-OPEN]
rfu: req 1A len 0 -> ack 0 word(s) [HOST-OPEN]
rfu: req 1A len 0 -> ack 0 word(s) [HOST-OPEN]
rfu: req 1A len 0 -> ack 0 word(s) [HOST-OPEN]
rfu: req 1A len 0 -> ack 0 word(s) [HOST-OPEN]
rfu: req 1A len 0 -> ack 0 word(s) [HOST-OPEN]
rfu: req 1A len 0 -> ack 0 word(s) [HOST-OPEN]
rfu: req 1A len 0 -> ack 0 word(s) [HOST-OPEN]
rfu: req 1A len 0 -> ack 0 word(s) [HOST-OPEN]
rfu: req 1A len 0 -> ack 0 word(s) [HOST-OPEN]
rfu: req 1A len 0 -> ack 0 word(s) [HOST-OPEN]
rfu: req 1A len 0 -> ack 0 word(s) [HOST-OPEN]
rfu: req 1A len 0 -> ack 0 word(s) [HOST-OPEN]
rfu: req 1A len 0 -> ack 0 word(s) [HOST-OPEN]
rfu: req 1A len 0 -> ack 0 word(s) [HOST-OPEN]
rfu: req 1A len 0 -> ack 0 word(s) [HOST-OPEN]
rfu: req 1A len 0 -> ack 0 word(s) [HOST-OPEN]
rfu: req 1A len 0 -> ack 0 word(s) [HOST-OPEN]
rfu: req 1A len 0 -> ack 0 word(s) [HOST-OPEN]
rfu: req 1A len 0 -> ack 0 word(s) [HOST-OPEN]
rfu: req 1A len 0 -> ack 0 word(s) [HOST-OPEN]
rfu: req 1A len 0 -> ack 0 word(s) [HOST-OPEN]
rfu: req 1A len 0 -> ack 0 word(s) [HOST-OPEN]
rfu: req 1A len 0 -> ack 0 word(s) [HOST-OPEN]
rfu: req 1A len 0 -> ack 0 word(s) [HOST-OPEN]
rfu: req 1A len 0 -> ack 0 word(s) [HOST-OPEN]
rfu: req 1A len 0 -> ack 0 word(s) [HOST-OPEN]
rfu: req 1A len 0 -> ack 0 word(s) [HOST-OPEN]
rfu: req 1A len 0 -> ack 0 word(s) [HOST-OPEN]
rfu: req 1A len 0 -> ack 0 word(s) [HOST-OPEN]
rfu: req 1A len 0 -> ack 0 word(s) [HOST-OPEN]
rfu: req 1A len 0 -> ack 0 word(s) [HOST-OPEN]
rfu: req 1A len 0 -> ack 0 word(s) [HOST-OPEN]
rfu: req 1A len 0 -> ack 0 word(s) [HOST-OPEN]
rfu: req 1A len 0 -> ack 0 word(s) [HOST-OPEN]
rfu: req 1A len 0 -> ack 0 word(s) [HOST-OPEN]
rfu: req 1A len 0 -> ack 0 word(s) [HOST-OPEN]
rfu: req 1A len 0 -> ack 0 word(s) [HOST-OPEN]
rfu: req 1A len 0 -> ack 0 word(s) [HOST-OPEN]
rfu: req 1A len 0 -> ack 0 word(s) [HOST-OPEN]
rfu: req 1A len 0 -> ack 0 word(s) [HOST-OPEN]
rfu: req 1A len 0 -> ack 0 word(s) [HOST-OPEN]
rfu: req 1A len 0 -> ack 0 word(s) [HOST-OPEN]
rfu: req 1A len 0 -> ack 0 word(s) [HOST-OPEN]
rfu: req 1A len 0 -> ack 0 word(s) [HOST-OPEN]
rfu: req 1A len 0 -> ack 0 word(s) [HOST-OPEN]
rfu: req 1A len 0 -> ack 0 word(s) [HOST-OPEN]
rfu: req 1A len 0 -> ack 0 word(s) [HOST-OPEN]
rfu: req 1A len 0 -> ack 0 word(s) [HOST-OPEN]
rfu: req 1A len 0 -> ack 0 word(s) [HOST-OPEN]
rfu: req 1A len 0 -> ack 0 word(s) [HOST-OPEN]
rfu: req 1A len 0 -> ack 0 word(s) [HOST-OPEN]
rfu: req 1A len 0 -> ack 0 word(s) [HOST-OPEN]
rfu: req 1A len 0 -> ack 0 word(s) [HOST-OPEN]
rfu: req 1A len 0 -> ack 0 word(s) [HOST-OPEN]
rfu: req 1A len 0 -> ack 0 word(s) [HOST-OPEN]
rfu: req 1A len 0 -> ack 0 word(s) [HOST-OPEN]
rfu: req 1A len 0 -> ack 0 word(s) [HOST-OPEN]
rfu: req 1A len 0 -> ack 0 word(s) [HOST-OPEN]
rfu: req 1A len 0 -> ack 0 word(s) [HOST-OPEN]
rfu: req 1A len 0 -> ack 0 word(s) [HOST-OPEN]
rfu: req 1A len 0 -> ack 0 word(s) [HOST-OPEN]
rfu: req 1A len 0 -> ack 0 word(s) [HOST-OPEN]
rfu: req 1A len 0 -> ack 0 word(s) [HOST-OPEN]
rfu: req 1A len 0 -> ack 0 word(s) [HOST-OPEN]
rfu: req 1A len 0 -> ack 0 word(s) [HOST-OPEN]
rfu: req 1A len 0 -> ack 0 word(s) [HOST-OPEN]
rfu: req 1A len 0 -> ack 0 word(s) [HOST-OPEN]
rfu: req 1A len 0 -> ack 0 word(s) [HOST-OPEN]
rfu: req 1A len 0 -> ack 0 word(s) [HOST-OPEN]
rfu: req 1A len 0 -> ack 0 word(s) [HOST-OPEN]
rfu: req 1A len 0 -> ack 0 word(s) [HOST-OPEN]
rfu: req 1A len 0 -> ack 0 word(s) [HOST-OPEN]
rfu: req 1A len 0 -> ack 0 word(s) [HOST-OPEN]
rfu: req 1A len 0 -> ack 0 word(s) [HOST-OPEN]
rfu: req 1A len 0 -> ack 0 word(s) [HOST-OPEN]
rfu: req 1A len 0 -> ack 0 word(s) [HOST-OPEN]
rfu: req 1A len 0 -> ack 0 word(s) [HOST-OPEN]
rfu: req 1A len 0 -> ack 0 word(s) [HOST-OPEN]
rfu: req 1A len 0 -> ack 0 word(s) [HOST-OPEN]
rfu: req 1A len 0 -> ack 0 word(s) [HOST-OPEN]
rfu: req 1A len 0 -> ack 0 word(s) [HOST-OPEN]
rfu: req 1A len 0 -> ack 0 word(s) [HOST-OPEN]
rfu: req 1A len 0 -> ack 0 word(s) [HOST-OPEN]
rfu: req 1A len 0 -> ack 0 word(s) [HOST-OPEN]
rfu: req 1A len 0 -> ack 0 word(s) [HOST-OPEN]
rfu: req 1A len 0 -> ack 0 word(s) [HOST-OPEN]
rfu: req 1A len 0 -> ack 0 word(s) [HOST-OPEN]
rfu: req 1A len 0 -> ack 0 word(s) [HOST-OPEN]
rfu: req 1A len 0 -> ack 0 word(s) [HOST-OPEN]
rfu: req 1A len 0 -> ack 0 word(s) [HOST-OPEN]
rfu: req 1B len 0 -> ack 0 word(s) [IDLE]
rfu: req 13 len 0 -> ack 1 word(s) [IDLE]
rfu: hosting, device id b4bd
rfu: req 19 len 0 -> ack 0 word(s) [HOST-OPEN]
rfu: req 1A len 0 -> ack 0 word(s) [HOST-OPEN]
rfu: req 13 len 0 -> ack 1 word(s) [HOST-OPEN]
rfu: req 1A len 0 -> ack 0 word(s) [HOST-OPEN]
rfu: req 1A len 0 -> ack 0 word(s) [HOST-OPEN]
rfu: req 1A len 0 -> ack 0 word(s) [HOST-OPEN]
rfu: req 1A len 0 -> ack 0 word(s) [HOST-OPEN]
rfu: req 1A len 0 -> ack 0 word(s) [HOST-OPEN]
rfu: req 1A len 0 -> ack 0 word(s) [HOST-OPEN]
rfu: req 1A len 0 -> ack 0 word(s) [HOST-OPEN]
rfu: req 1A len 0 -> ack 0 word(s) [HOST-OPEN]
rfu: req 1A len 0 -> ack 0 word(s) [HOST-OPEN]
rfu: req 1A len 0 -> ack 0 word(s) [HOST-OPEN]
rfu: req 1A len 0 -> ack 0 word(s) [HOST-OPEN]
rfu: req 1A len 0 -> ack 0 word(s) [HOST-OPEN]
rfu: req 1A len 0 -> ack 0 word(s) [HOST-OPEN]
rfu: req 1A len 0 -> ack 0 word(s) [HOST-OPEN]
rfu: req 1A len 0 -> ack 0 word(s) [HOST-OPEN]
rfu: req 1A len 0 -> ack 0 word(s) [HOST-OPEN]
rfu: req 1A len 0 -> ack 0 word(s) [HOST-OPEN]
rfu: req 1A len 0 -> ack 0 word(s) [HOST-OPEN]
rfu: req 1A len 0 -> ack 0 word(s) [HOST-OPEN]
rfu: req 1A len 0 -> ack 0 word(s) [HOST-OPEN]
rfu: req 1A len 0 -> ack 0 word(s) [HOST-OPEN]
rfu: req 1A len 0 -> ack 0 word(s) [HOST-OPEN]
rfu: req 1A len 0 -> ack 0 word(s) [HOST-OPEN]
rfu: req 1A len 0 -> ack 0 word(s) [HOST-OPEN]
rfu: req 1A len 0 -> ack 0 word(s) [HOST-OPEN]
rfu: req 1A len 0 -> ack 0 word(s) [HOST-OPEN]
rfu: req 1A len 0 -> ack 0 word(s) [HOST-OPEN]
rfu: req 1A len 0 -> ack 0 word(s) [HOST-OPEN]
rfu: req 1A len 0 -> ack 0 word(s) [HOST-OPEN]
rfu: req 1A len 0 -> ack 0 word(s) [HOST-OPEN]
rfu: req 1A len 0 -> ack 0 word(s) [HOST-OPEN]
rfu: req 1A len 0 -> ack 0 word(s) [HOST-OPEN]
rfu: req 1A len 0 -> ack 0 word(s) [HOST-OPEN]
rfu: req 1A len 0 -> ack 0 word(s) [HOST-OPEN]
rfu: req 1A len 0 -> ack 0 word(s) [HOST-OPEN]
rfu: req 1A len 0 -> ack 0 word(s) [HOST-OPEN]
rfu: req 1A len 0 -> ack 0 word(s) [HOST-OPEN]
rfu: req 1A len 0 -> ack 0 word(s) [HOST-OPEN]
rfu: req 1A len 0 -> ack 0 word(s) [HOST-OPEN]
rfu: req 1A len 0 -> ack 0 word(s) [HOST-OPEN]
rfu: req 1A len 0 -> ack 0 word(s) [HOST-OPEN]
rfu: req 1A len 0 -> ack 0 word(s) [HOST-OPEN]
rfu: req 1A len 0 -> ack 0 word(s) [HOST-OPEN]
rfu: req 1A len 0 -> ack 0 word(s) [HOST-OPEN]
rfu: req 1A len 0 -> ack 0 word(s) [HOST-OPEN]
rfu: req 1A len 0 -> ack 0 word(s) [HOST-OPEN]
rfu: req 1A len 0 -> ack 0 word(s) [HOST-OPEN]
rfu: req 1A len 0 -> ack 0 word(s) [HOST-OPEN]
rfu: req 1A len 0 -> ack 0 word(s) [HOST-OPEN]
rfu: req 1A len 0 -> ack 0 word(s) [HOST-OPEN]
rfu: req 1A len 0 -> ack 0 word(s) [HOST-OPEN]
rfu: req 1A len 0 -> ack 0 word(s) [HOST-OPEN]
rfu: req 1A len 0 -> ack 0 word(s) [HOST-OPEN]
rfu: req 1A len 0 -> ack 0 word(s) [HOST-OPEN]
rfu: req 1A len 0 -> ack 0 word(s) [HOST-OPEN]
rfu: req 1A len 0 -> ack 0 word(s) [HOST-OPEN]
rfu: req 1A len 0 -> ack 0 word(s) [HOST-OPEN]
rfu: req 1A len 0 -> ack 0 word(s) [HOST-OPEN]
rfu: req 1A len 0 -> ack 0 word(s) [HOST-OPEN]
rfu: req 1A len 0 -> ack 0 word(s) [HOST-OPEN]
rfu: req 1A len 0 -> ack 0 word(s) [HOST-OPEN]
rfu: req 1A len 0 -> ack 0 word(s) [HOST-OPEN]
rfu: req 1A len 0 -> ack 0 word(s) [HOST-OPEN]
rfu: req 1A len 0 -> ack 0 word(s) [HOST-OPEN]
rfu: req 1A len 0 -> ack 0 word(s) [HOST-OPEN]
rfu: req 1A len 0 -> ack 0 word(s) [HOST-OPEN]
rfu: req 1A len 0 -> ack 0 word(s) [HOST-OPEN]
rfu: req 1A len 0 -> ack 0 word(s) [HOST-OPEN]
rfu: req 1A len 0 -> ack 0 word(s) [HOST-OPEN]
rfu: req 1A len 0 -> ack 0 word(s) [HOST-OPEN]
rfu: req 1A len 0 -> ack 0 word(s) [HOST-OPEN]
rfu: req 1A len 0 -> ack 0 word(s) [HOST-OPEN]
rfu: req 1A len 0 -> ack 0 word(s) [HOST-OPEN]
rfu: req 1B len 0 -> ack 0 word(s) [IDLE]
rfu: req 1C len 0 -> ack 0 word(s) [SEARCH]
rfu: req 1D len 0 -> ack 7 word(s) [SEARCH]
rfu: req 1D len 0 -> ack 7 word(s) [SEARCH]
rfu: req 1D len 0 -> ack 7 word(s) [SEARCH]
rfu: req 1D len 0 -> ack 7 word(s) [SEARCH]
rfu: req 1D len 0 -> ack 7 word(s) [SEARCH]
rfu: req 1D len 0 -> ack 7 word(s) [SEARCH]
rfu: req 1D len 0 -> ack 7 word(s) [SEARCH]
rfu: req 1D len 0 -> ack 7 word(s) [SEARCH]
rfu: req 1D len 0 -> ack 7 word(s) [SEARCH]
rfu: req 1D len 0 -> ack 7 word(s) [SEARCH]
rfu: req 1D len 0 -> ack 7 word(s) [SEARCH]
rfu: req 1D len 0 -> ack 7 word(s) [SEARCH]
rfu: req 1D len 0 -> ack 7 word(s) [SEARCH]
rfu: req 1D len 0 -> ack 7 word(s) [SEARCH]
rfu: req 1D len 0 -> ack 7 word(s) [SEARCH]
rfu: req 1D len 0 -> ack 7 word(s) [SEARCH]
rfu: req 1D len 0 -> ack 7 word(s) [SEARCH]
rfu: req 1D len 0 -> ack 7 word(s) [SEARCH]
rfu: req 1D len 0 -> ack 7 word(s) [SEARCH]
rfu: req 1D len 0 -> ack 7 word(s) [SEARCH]
rfu: req 1D len 0 -> ack 7 word(s) [SEARCH]
rfu: req 1D len 0 -> ack 7 word(s) [SEARCH]
rfu: req 1D len 0 -> ack 7 word(s) [SEARCH]
rfu: req 1D len 0 -> ack 7 word(s) [SEARCH]
rfu: req 1D len 0 -> ack 7 word(s) [SEARCH]
rfu: req 1D len 0 -> ack 7 word(s) [SEARCH]
rfu: req 1D len 0 -> ack 7 word(s) [SEARCH]
rfu: req 1D len 0 -> ack 7 word(s) [SEARCH]
rfu: req 1D len 0 -> ack 7 word(s) [SEARCH]
rfu: req 1D len 0 -> ack 7 word(s) [SEARCH]
rfu: req 1D len 0 -> ack 7 word(s) [SEARCH]
rfu: req 1D len 0 -> ack 7 word(s) [SEARCH]
rfu: req 1D len 0 -> ack 7 word(s) [SEARCH]
rfu: req 1D len 0 -> ack 7 word(s) [SEARCH]
rfu: req 1D len 0 -> ack 7 word(s) [SEARCH]
rfu: req 1D len 0 -> ack 7 word(s) [SEARCH]
rfu: req 1D len 0 -> ack 7 word(s) [SEARCH]
rfu: req 1D len 0 -> ack 7 word(s) [SEARCH]
rfu: req 1D len 0 -> ack 7 word(s) [SEARCH]
rfu: req 1E len 0 -> ack 7 word(s) [IDLE]
rfu: req 13 len 0 -> ack 1 word(s) [IDLE]
rfu: hosting, device id 7c1e
rfu: req 19 len 0 -> ack 0 word(s) [HOST-OPEN]
rfu: req 1A len 0 -> ack 0 word(s) [HOST-OPEN]
rfu: req 13 len 0 -> ack 1 word(s) [HOST-OPEN]
rfu: req 1A len 0 -> ack 0 word(s) [HOST-OPEN]
rfu: req 1A len 0 -> ack 0 word(s) [HOST-OPEN]
rfu: req 1A len 0 -> ack 0 word(s) [HOST-OPEN]
rfu: req 1A len 0 -> ack 0 word(s) [HOST-OPEN]
rfu: req 1A len 0 -> ack 0 word(s) [HOST-OPEN]
rfu: req 1A len 0 -> ack 0 word(s) [HOST-OPEN]
rfu: req 1A len 0 -> ack 0 word(s) [HOST-OPEN]
rfu: req 1A len 0 -> ack 0 word(s) [HOST-OPEN]
rfu: req 1A len 0 -> ack 0 word(s) [HOST-OPEN]
rfu: req 1A len 0 -> ack 0 word(s) [HOST-OPEN]
rfu: req 1A len 0 -> ack 0 word(s) [HOST-OPEN]
rfu: req 1A len 0 -> ack 0 word(s) [HOST-OPEN]
rfu: req 1A len 0 -> ack 0 word(s) [HOST-OPEN]
rfu: req 1A len 0 -> ack 0 word(s) [HOST-OPEN]
rfu: req 1A len 0 -> ack 0 word(s) [HOST-OPEN]
rfu: req 1A len 0 -> ack 0 word(s) [HOST-OPEN]
rfu: req 1A len 0 -> ack 0 word(s) [HOST-OPEN]
rfu: req 1A len 0 -> ack 0 word(s) [HOST-OPEN]
rfu: req 1A len 0 -> ack 0 word(s) [HOST-OPEN]
rfu: req 1A len 0 -> ack 0 word(s) [HOST-OPEN]
rfu: req 1A len 0 -> ack 0 word(s) [HOST-OPEN]
rfu: req 1A len 0 -> ack 0 word(s) [HOST-OPEN]
rfu: req 1A len 0 -> ack 0 word(s) [HOST-OPEN]
rfu: req 1A len 0 -> ack 0 word(s) [HOST-OPEN]
rfu: req 1A len 0 -> ack 0 word(s) [HOST-OPEN]
rfu: req 1A len 0 -> ack 0 word(s) [HOST-OPEN]
rfu: req 1A len 0 -> ack 0 word(s) [HOST-OPEN]
rfu: req 1A len 0 -> ack 0 word(s) [HOST-OPEN]
rfu: req 1A len 0 -> ack 0 word(s) [HOST-OPEN]
rfu: req 1A len 0 -> ack 0 word(s) [HOST-OPEN]
rfu: req 1A len 0 -> ack 0 word(s) [HOST-OPEN]
rfu: req 1A len 0 -> ack 0 word(s) [HOST-OPEN]
rfu: req 1A len 0 -> ack 0 word(s) [HOST-OPEN]
rfu: req 1A len 0 -> ack 0 word(s) [HOST-OPEN]
rfu: req 1A len 0 -> ack 0 word(s) [HOST-OPEN]
rfu: req 1A len 0 -> ack 0 word(s) [HOST-OPEN]
rfu: req 1A len 0 -> ack 0 word(s) [HOST-OPEN]
rfu: req 1A len 0 -> ack 0 word(s) [HOST-OPEN]
rfu: req 1A len 0 -> ack 0 word(s) [HOST-OPEN]
rfu: req 1A len 0 -> ack 0 word(s) [HOST-OPEN]
rfu: req 1A len 0 -> ack 0 word(s) [HOST-OPEN]
rfu: req 1A len 0 -> ack 0 word(s) [HOST-OPEN]
rfu: req 1A len 0 -> ack 0 word(s) [HOST-OPEN]
rfu: req 1A len 0 -> ack 0 word(s) [HOST-OPEN]
rfu: req 1A len 0 -> ack 0 word(s) [HOST-OPEN]
rfu: req 1A len 0 -> ack 0 word(s) [HOST-OPEN]
rfu: req 1A len 0 -> ack 0 word(s) [HOST-OPEN]
rfu: req 1A len 0 -> ack 0 word(s) [HOST-OPEN]
rfu: req 1A len 0 -> ack 0 word(s) [HOST-OPEN]
rfu: req 1A len 0 -> ack 0 word(s) [HOST-OPEN]
rfu: req 1A len 0 -> ack 0 word(s) [HOST-OPEN]
rfu: req 1A len 0 -> ack 0 word(s) [HOST-OPEN]
rfu: req 1A len 0 -> ack 0 word(s) [HOST-OPEN]
rfu: req 1A len 0 -> ack 0 word(s) [HOST-OPEN]
rfu: req 1A len 0 -> ack 0 word(s) [HOST-OPEN]
rfu: req 1A len 0 -> ack 0 word(s) [HOST-OPEN]
rfu: req 1A len 0 -> ack 0 word(s) [HOST-OPEN]
rfu: req 1A len 0 -> ack 0 word(s) [HOST-OPEN]
rfu: req 1A len 0 -> ack 0 word(s) [HOST-OPEN]
rfu: req 1A len 0 -> ack 0 word(s) [HOST-OPEN]
rfu: req 1A len 0 -> ack 0 word(s) [HOST-OPEN]
rfu: req 1A len 0 -> ack 0 word(s) [HOST-OPEN]
rfu: req 1A len 0 -> ack 0 word(s) [HOST-OPEN]
rfu: req 1A len 0 -> ack 0 word(s) [HOST-OPEN]
rfu: req 1A len 0 -> ack 0 word(s) [HOST-OPEN]
rfu: req 1B len 0 -> ack 0 word(s) [IDLE]
rfu: req 13 len 0 -> ack 1 word(s) [IDLE]
rfu: hosting, device id 0d78
rfu: req 19 len 0 -> ack 0 word(s) [HOST-OPEN]
rfu: req 1A len 0 -> ack 0 word(s) [HOST-OPEN]
rfu: req 13 len 0 -> ack 1 word(s) [HOST-OPEN]
rfu: req 1A len 0 -> ack 0 word(s) [HOST-OPEN]
rfu: req 1A len 0 -> ack 0 word(s) [HOST-OPEN]
rfu: req 1A len 0 -> ack 0 word(s) [HOST-OPEN]
rfu: req 1A len 0 -> ack 0 word(s) [HOST-OPEN]
rfu: req 1A len 0 -> ack 0 word(s) [HOST-OPEN]
rfu: req 1A len 0 -> ack 0 word(s) [HOST-OPEN]
rfu: req 1A len 0 -> ack 0 word(s) [HOST-OPEN]
rfu: req 1A len 0 -> ack 0 word(s) [HOST-OPEN]
rfu: req 1A len 0 -> ack 0 word(s) [HOST-OPEN]
rfu: req 1A len 0 -> ack 0 word(s) [HOST-OPEN]
rfu: req 1A len 0 -> ack 0 word(s) [HOST-OPEN]
rfu: req 1A len 0 -> ack 0 word(s) [HOST-OPEN]
rfu: req 1A len 0 -> ack 0 word(s) [HOST-OPEN]
rfu: req 1A len 0 -> ack 0 word(s) [HOST-OPEN]
rfu: req 1A len 0 -> ack 0 word(s) [HOST-OPEN]
rfu: req 1A len 0 -> ack 0 word(s) [HOST-OPEN]
rfu: req 1A len 0 -> ack 0 word(s) [HOST-OPEN]
rfu: req 1A len 0 -> ack 0 word(s) [HOST-OPEN]
rfu: req 1A len 0 -> ack 0 word(s) [HOST-OPEN]
rfu: req 1A len 0 -> ack 0 word(s) [HOST-OPEN]
rfu: req 1A len 0 -> ack 0 word(s) [HOST-OPEN]
rfu: req 1A len 0 -> ack 0 word(s) [HOST-OPEN]
rfu: req 1A len 0 -> ack 0 word(s) [HOST-OPEN]
rfu: req 1A len 0 -> ack 0 word(s) [HOST-OPEN]
rfu: req 1A len 0 -> ack 0 word(s) [HOST-OPEN]
rfu: req 1A len 0 -> ack 0 word(s) [HOST-OPEN]
rfu: req 1A len 0 -> ack 0 word(s) [HOST-OPEN]
rfu: req 1A len 0 -> ack 0 word(s) [HOST-OPEN]
rfu: req 1A len 0 -> ack 0 word(s) [HOST-OPEN]
rfu: req 1A len 0 -> ack 0 word(s) [HOST-OPEN]
rfu: req 1A len 0 -> ack 0 word(s) [HOST-OPEN]
rfu: req 1A len 0 -> ack 0 word(s) [HOST-OPEN]
rfu: req 1A len 0 -> ack 0 word(s) [HOST-OPEN]
rfu: req 1A len 0 -> ack 0 word(s) [HOST-OPEN]
rfu: req 1A len 0 -> ack 0 word(s) [HOST-OPEN]
rfu: req 1A len 0 -> ack 0 word(s) [HOST-OPEN]
rfu: req 1A len 0 -> ack 0 word(s) [HOST-OPEN]
rfu: req 1A len 0 -> ack 0 word(s) [HOST-OPEN]
rfu: req 1A len 0 -> ack 0 word(s) [HOST-OPEN]
rfu: req 1A len 0 -> ack 0 word(s) [HOST-OPEN]
rfu: req 1A len 0 -> ack 0 word(s) [HOST-OPEN]
rfu: req 1A len 0 -> ack 0 word(s) [HOST-OPEN]
rfu: req 1A len 0 -> ack 0 word(s) [HOST-OPEN]
rfu: req 1A len 0 -> ack 0 word(s) [HOST-OPEN]
rfu: req 1A len 0 -> ack 0 word(s) [HOST-OPEN]
rfu: req 1A len 0 -> ack 0 word(s) [HOST-OPEN]
rfu: req 1A len 0 -> ack 0 word(s) [HOST-OPEN]
rfu: req 1A len 0 -> ack 0 word(s) [HOST-OPEN]
rfu: req 1A len 0 -> ack 0 word(s) [HOST-OPEN]
rfu: req 1A len 0 -> ack 0 word(s) [HOST-OPEN]
rfu: req 1A len 0 -> ack 0 word(s) [HOST-OPEN]
rfu: req 1A len 0 -> ack 0 word(s) [HOST-OPEN]
rfu: req 1A len 0 -> ack 0 word(s) [HOST-OPEN]
rfu: req 1A len 0 -> ack 0 word(s) [HOST-OPEN]
rfu: req 1A len 0 -> ack 0 word(s) [HOST-OPEN]
rfu: req 1A len 0 -> ack 0 word(s) [HOST-OPEN]
rfu: req 1A len 0 -> ack 0 word(s) [HOST-OPEN]
rfu: req 1A len 0 -> ack 0 word(s) [HOST-OPEN]
rfu: req 1A len 0 -> ack 0 word(s) [HOST-OPEN]
rfu: req 1A len 0 -> ack 0 word(s) [HOST-OPEN]
rfu: req 1A len 0 -> ack 0 word(s) [HOST-OPEN]
rfu: req 1A len 0 -> ack 0 word(s) [HOST-OPEN]
rfu: req 1A len 0 -> ack 0 word(s) [HOST-OPEN]
rfu: req 1A len 0 -> ack 0 word(s) [HOST-OPEN]
rfu: req 1A len 0 -> ack 0 word(s) [HOST-OPEN]
rfu: req 1A len 0 -> ack 0 word(s) [HOST-OPEN]
rfu: req 1A len 0 -> ack 0 word(s) [HOST-OPEN]
rfu: req 1A len 0 -> ack 0 word(s) [HOST-OPEN]
rfu: req 1A len 0 -> ack 0 word(s) [HOST-OPEN]
rfu: req 1A len 0 -> ack 0 word(s) [HOST-OPEN]
rfu: req 1A len 0 -> ack 0 word(s) [HOST-OPEN]
rfu: req 1A len 0 -> ack 0 word(s) [HOST-OPEN]
rfu: req 1A len 0 -> ack 0 word(s) [HOST-OPEN]
rfu: req 1A len 0 -> ack 0 word(s) [HOST-OPEN]
rfu: req 1A len 0 -> ack 0 word(s) [HOST-OPEN]
rfu: req 1A len 0 -> ack 0 word(s) [HOST-OPEN]
rfu: req 1A len 0 -> ack 0 word(s) [HOST-OPEN]
rfu: req 1A len 0 -> ack 0 word(s) [HOST-OPEN]
rfu: req 1A len 0 -> ack 0 word(s) [HOST-OPEN]
rfu: req 1A len 0 -> ack 0 word(s) [HOST-OPEN]
rfu: req 1A len 0 -> ack 0 word(s) [HOST-OPEN]
rfu: req 1A len 0 -> ack 0 word(s) [HOST-OPEN]
rfu: req 1A len 0 -> ack 0 word(s) [HOST-OPEN]
rfu: req 1A len 0 -> ack 0 word(s) [HOST-OPEN]
rfu: req 1A len 0 -> ack 0 word(s) [HOST-OPEN]
rfu: req 1A len 0 -> ack 0 word(s) [HOST-OPEN]
rfu: req 1A len 0 -> ack 0 word(s) [HOST-OPEN]
rfu: req 1A len 0 -> ack 0 word(s) [HOST-OPEN]
rfu: req 1A len 0 -> ack 0 word(s) [HOST-OPEN]
rfu: req 1A len 0 -> ack 0 word(s) [HOST-OPEN]
rfu: req 1A len 0 -> ack 0 word(s) [HOST-OPEN]
rfu: req 1A len 0 -> ack 0 word(s) [HOST-OPEN]
rfu: req 1A len 0 -> ack 0 word(s) [HOST-OPEN]
rfu: req 1A len 0 -> ack 0 word(s) [HOST-OPEN]
rfu: req 1A len 0 -> ack 0 word(s) [HOST-OPEN]
rfu: req 1A len 0 -> ack 0 word(s) [HOST-OPEN]
rfu: req 1A len 0 -> ack 0 word(s) [HOST-OPEN]
rfu: req 1A len 0 -> ack 0 word(s) [HOST-OPEN]
rfu: req 1A len 0 -> ack 0 word(s) [HOST-OPEN]
rfu: req 1A len 0 -> ack 0 word(s) [HOST-OPEN]
rfu: req 1A len 0 -> ack 0 word(s) [HOST-OPEN]
rfu: req 1A len 0 -> ack 0 word(s) [HOST-OPEN]
rfu: req 1A len 0 -> ack 0 word(s) [HOST-OPEN]
rfu: req 1A len 0 -> ack 0 word(s) [HOST-OPEN]
rfu: req 1A len 0 -> ack 0 word(s) [HOST-OPEN]
rfu: req 1A len 0 -> ack 0 word(s) [HOST-OPEN]
rfu: req 1A len 0 -> ack 0 word(s) [HOST-OPEN]
rfu: req 1A len 0 -> ack 0 word(s) [HOST-OPEN]
rfu: req 1A len 0 -> ack 0 word(s) [HOST-OPEN]
rfu: req 1A len 0 -> ack 0 word(s) [HOST-OPEN]
rfu: req 1A len 0 -> ack 0 word(s) [HOST-OPEN]
rfu: req 1A len 0 -> ack 0 word(s) [HOST-OPEN]
rfu: req 1A len 0 -> ack 0 word(s) [HOST-OPEN]
rfu: req 1A len 0 -> ack 0 word(s) [HOST-OPEN]
rfu: req 1A len 0 -> ack 0 word(s) [HOST-OPEN]
rfu: req 1A len 0 -> ack 0 word(s) [HOST-OPEN]
rfu: req 1A len 0 -> ack 0 word(s) [HOST-OPEN]
rfu: req 1A len 0 -> ack 0 word(s) [HOST-OPEN]
rfu: req 1A len 0 -> ack 0 word(s) [HOST-OPEN]
rfu: req 1A len 0 -> ack 0 word(s) [HOST-OPEN]
rfu: req 1A len 0 -> ack 0 word(s) [HOST-OPEN]
rfu: req 1A len 0 -> ack 0 word(s) [HOST-OPEN]
rfu: req 1B len 0 -> ack 0 word(s) [IDLE]
rfu: req 1C len 0 -> ack 0 word(s) [SEARCH]
rfu: req 1D len 0 -> ack 7 word(s) [SEARCH]
rfu: req 1D len 0 -> ack 7 word(s) [SEARCH]
rfu: req 1D len 0 -> ack 7 word(s) [SEARCH]
rfu: req 1D len 0 -> ack 7 word(s) [SEARCH]
rfu: req 1D len 0 -> ack 7 word(s) [SEARCH]
rfu: req 1D len 0 -> ack 7 word(s) [SEARCH]
rfu: req 1D len 0 -> ack 7 word(s) [SEARCH]
rfu: req 1D len 0 -> ack 7 word(s) [SEARCH]
rfu: req 1D len 0 -> ack 7 word(s) [SEARCH]
rfu: req 1D len 0 -> ack 7 word(s) [SEARCH]
rfu: req 1D len 0 -> ack 7 word(s) [SEARCH]
rfu: req 1D len 0 -> ack 7 word(s) [SEARCH]
rfu: req 1D len 0 -> ack 7 word(s) [SEARCH]
rfu: req 1D len 0 -> ack 7 word(s) [SEARCH]
rfu: req 1D len 0 -> ack 7 word(s) [SEARCH]
rfu: req 1D len 0 -> ack 7 word(s) [SEARCH]
rfu: req 1D len 0 -> ack 7 word(s) [SEARCH]
rfu: req 1D len 0 -> ack 7 word(s) [SEARCH]
rfu: req 1D len 0 -> ack 7 word(s) [SEARCH]
rfu: req 1D len 0 -> ack 7 word(s) [SEARCH]
rfu: req 1D len 0 -> ack 7 word(s) [SEARCH]
rfu: req 1D len 0 -> ack 7 word(s) [SEARCH]
rfu: req 1D len 0 -> ack 7 word(s) [SEARCH]
rfu: req 1D len 0 -> ack 7 word(s) [SEARCH]
rfu: req 16 len 6 -> ack 0 word(s) [SEARCH]
rfu: req 1D len 0 -> ack 7 word(s) [SEARCH]
rfu: req 1E len 0 -> ack 7 word(s) [IDLE]
rfu: connecting to 1e37 (peer 24)
rfu: req 1F len 1 -> ack 0 word(s) [CONNECTING]
rfu: req 20 len 0 -> ack 1 word(s) [CONNECTING]
rfu: req 20 len 0 -> ack 1 word(s) [IDLE]
rfu: req 20 len 0 -> ack 1 word(s) [IDLE]
rfu: req 20 len 0 -> ack 1 word(s) [IDLE]
rfu: req 20 len 0 -> ack 1 word(s) [IDLE]
rfu: req 20 len 0 -> ack 1 word(s) [IDLE]
rfu: req 20 len 0 -> ack 1 word(s) [IDLE]
rfu: req 20 len 0 -> ack 1 word(s) [IDLE]
rfu: req 20 len 0 -> ack 1 word(s) [IDLE]
rfu: req 20 len 0 -> ack 1 word(s) [IDLE]
rfu: req 20 len 0 -> ack 1 word(s) [IDLE]
rfu: req 20 len 0 -> ack 1 word(s) [IDLE]
rfu: req 20 len 0 -> ack 1 word(s) [IDLE]
rfu: req 20 len 0 -> ack 1 word(s) [IDLE]
rfu: req 20 len 0 -> ack 1 word(s) [IDLE]
rfu: req 20 len 0 -> ack 1 word(s) [IDLE]
rfu: req 20 len 0 -> ack 1 word(s) [IDLE]
rfu: req 20 len 0 -> ack 1 word(s) [IDLE]
rfu: req 20 len 0 -> ack 1 word(s) [IDLE]
rfu: req 20 len 0 -> ack 1 word(s) [IDLE]
rfu: req 20 len 0 -> ack 1 word(s) [IDLE]
rfu: req 20 len 0 -> ack 1 word(s) [IDLE]
rfu: req 20 len 0 -> ack 1 word(s) [IDLE]
rfu: req 20 len 0 -> ack 1 word(s) [IDLE]
rfu: req 20 len 0 -> ack 1 word(s) [IDLE]
rfu: req 20 len 0 -> ack 1 word(s) [IDLE]
rfu: req 20 len 0 -> ack 1 word(s) [IDLE]
rfu: req 20 len 0 -> ack 1 word(s) [IDLE]
rfu: req 20 len 0 -> ack 1 word(s) [IDLE]
rfu: req 20 len 0 -> ack 1 word(s) [IDLE]
rfu: req 20 len 0 -> ack 1 word(s) [IDLE]
rfu: req 20 len 0 -> ack 1 word(s) [IDLE]
rfu: req 20 len 0 -> ack 1 word(s) [IDLE]
rfu: req 20 len 0 -> ack 1 word(s) [IDLE]
rfu: req 20 len 0 -> ack 1 word(s) [IDLE]
rfu: req 20 len 0 -> ack 1 word(s) [IDLE]
rfu: req 20 len 0 -> ack 1 word(s) [IDLE]
rfu: req 20 len 0 -> ack 1 word(s) [IDLE]
rfu: req 20 len 0 -> ack 1 word(s) [IDLE]
rfu: req 20 len 0 -> ack 1 word(s) [IDLE]
rfu: req 20 len 0 -> ack 1 word(s) [IDLE]
rfu: req 20 len 0 -> ack 1 word(s) [IDLE]
rfu: req 20 len 0 -> ack 1 word(s) [IDLE]
rfu: req 20 len 0 -> ack 1 word(s) [IDLE]
rfu: req 20 len 0 -> ack 1 word(s) [IDLE]
rfu: req 20 len 0 -> ack 1 word(s) [IDLE]
rfu: req 20 len 0 -> ack 1 word(s) [IDLE]
rfu: req 20 len 0 -> ack 1 word(s) [IDLE]
rfu: req 20 len 0 -> ack 1 word(s) [IDLE]
rfu: req 20 len 0 -> ack 1 word(s) [IDLE]
rfu: req 20 len 0 -> ack 1 word(s) [IDLE]
rfu: req 20 len 0 -> ack 1 word(s) [IDLE]
rfu: req 20 len 0 -> ack 1 word(s) [IDLE]
rfu: req 20 len 0 -> ack 1 word(s) [IDLE]
rfu: req 20 len 0 -> ack 1 word(s) [IDLE]
rfu: req 20 len 0 -> ack 1 word(s) [IDLE]
rfu: req 20 len 0 -> ack 1 word(s) [IDLE]
rfu: req 20 len 0 -> ack 1 word(s) [IDLE]
rfu: req 20 len 0 -> ack 1 word(s) [IDLE]
rfu: req 20 len 0 -> ack 1 word(s) [IDLE]
rfu: req 20 len 0 -> ack 1 word(s) [IDLE]
rfu: req 20 len 0 -> ack 1 word(s) [IDLE]
rfu: req 20 len 0 -> ack 1 word(s) [IDLE]
rfu: req 20 len 0 -> ack 1 word(s) [IDLE]
rfu: req 20 len 0 -> ack 1 word(s) [IDLE]
rfu: req 20 len 0 -> ack 1 word(s) [IDLE]
rfu: req 20 len 0 -> ack 1 word(s) [IDLE]
rfu: req 20 len 0 -> ack 1 word(s) [IDLE]
rfu: req 20 len 0 -> ack 1 word(s) [IDLE]
rfu: req 20 len 0 -> ack 1 word(s) [IDLE]
rfu: req 20 len 0 -> ack 1 word(s) [IDLE]
rfu: req 20 len 0 -> ack 1 word(s) [IDLE]
rfu: req 20 len 0 -> ack 1 word(s) [IDLE]
rfu: req 20 len 0 -> ack 1 word(s) [IDLE]
rfu: req 20 len 0 -> ack 1 word(s) [IDLE]
rfu: req 20 len 0 -> ack 1 word(s) [IDLE]
rfu: req 20 len 0 -> ack 1 word(s) [IDLE]
rfu: req 20 len 0 -> ack 1 word(s) [IDLE]
rfu: req 20 len 0 -> ack 1 word(s) [IDLE]
rfu: req 20 len 0 -> ack 1 word(s) [IDLE]
rfu: req 20 len 0 -> ack 1 word(s) [IDLE]
rfu: req 20 len 0 -> ack 1 word(s) [IDLE]
rfu: req 20 len 0 -> ack 1 word(s) [IDLE]
rfu: req 20 len 0 -> ack 1 word(s) [IDLE]
rfu: req 20 len 0 -> ack 1 word(s) [IDLE]
rfu: req 20 len 0 -> ack 1 word(s) [IDLE]
rfu: req 20 len 0 -> ack 1 word(s) [IDLE]
rfu: req 20 len 0 -> ack 1 word(s) [IDLE]
rfu: req 20 len 0 -> ack 1 word(s) [IDLE]
rfu: req 20 len 0 -> ack 1 word(s) [IDLE]
rfu: req 21 len 0 -> ack 1 word(s) [IDLE]
rfu: req 1C len 0 -> ack 0 word(s) [SEARCH]
rfu: req 1D len 0 -> ack 7 word(s) [SEARCH]
rfu: req 1E len 0 -> ack 7 word(s) [IDLE]
rfu: connect: no parent 4e2b in range
rfu: req 1F len 1 -> ack 0 word(s) [IDLE]
rfu: req 20 len 0 -> ack 1 word(s) [IDLE]
rfu: req 20 len 0 -> ack 1 word(s) [IDLE]
rfu: req 20 len 0 -> ack 1 word(s) [IDLE]
rfu: req 20 len 0 -> ack 1 word(s) [IDLE]
rfu: req 20 len 0 -> ack 1 word(s) [IDLE]
rfu: req 20 len 0 -> ack 1 word(s) [IDLE]
rfu: req 20 len 0 -> ack 1 word(s) [IDLE]
rfu: req 20 len 0 -> ack 1 word(s) [IDLE]
rfu: req 20 len 0 -> ack 1 word(s) [IDLE]
rfu: req 20 len 0 -> ack 1 word(s) [IDLE]
rfu: req 20 len 0 -> ack 1 word(s) [IDLE]
rfu: req 20 len 0 -> ack 1 word(s) [IDLE]
rfu: req 20 len 0 -> ack 1 word(s) [IDLE]
rfu: req 20 len 0 -> ack 1 word(s) [IDLE]
rfu: req 20 len 0 -> ack 1 word(s) [IDLE]
rfu: req 20 len 0 -> ack 1 word(s) [IDLE]
rfu: req 20 len 0 -> ack 1 word(s) [IDLE]
rfu: req 20 len 0 -> ack 1 word(s) [IDLE]
rfu: req 20 len 0 -> ack 1 word(s) [IDLE]
rfu: req 20 len 0 -> ack 1 word(s) [IDLE]
rfu: req 20 len 0 -> ack 1 word(s) [IDLE]
rfu: req 20 len 0 -> ack 1 word(s) [IDLE]
rfu: req 20 len 0 -> ack 1 word(s) [IDLE]
rfu: req 20 len 0 -> ack 1 word(s) [IDLE]
rfu: req 20 len 0 -> ack 1 word(s) [IDLE]
rfu: req 20 len 0 -> ack 1 word(s) [IDLE]
rfu: req 20 len 0 -> ack 1 word(s) [IDLE]
rfu: req 20 len 0 -> ack 1 word(s) [IDLE]
rfu: req 20 len 0 -> ack 1 word(s) [IDLE]
rfu: req 20 len 0 -> ack 1 word(s) [IDLE]
rfu: req 20 len 0 -> ack 1 word(s) [IDLE]
rfu: req 20 len 0 -> ack 1 word(s) [IDLE]
rfu: req 20 len 0 -> ack 1 word(s) [IDLE]
rfu: req 20 len 0 -> ack 1 word(s) [IDLE]
rfu: req 20 len 0 -> ack 1 word(s) [IDLE]
rfu: req 20 len 0 -> ack 1 word(s) [IDLE]
rfu: req 20 len 0 -> ack 1 word(s) [IDLE]
rfu: req 20 len 0 -> ack 1 word(s) [IDLE]
rfu: req 20 len 0 -> ack 1 word(s) [IDLE]
rfu: req 20 len 0 -> ack 1 word(s) [IDLE]
rfu: req 20 len 0 -> ack 1 word(s) [IDLE]
rfu: req 20 len 0 -> ack 1 word(s) [IDLE]
rfu: req 20 len 0 -> ack 1 word(s) [IDLE]
rfu: req 20 len 0 -> ack 1 word(s) [IDLE]
rfu: req 20 len 0 -> ack 1 word(s) [IDLE]
rfu: req 20 len 0 -> ack 1 word(s) [IDLE]
rfu: req 20 len 0 -> ack 1 word(s) [IDLE]
rfu: req 20 len 0 -> ack 1 word(s) [IDLE]
rfu: req 20 len 0 -> ack 1 word(s) [IDLE]
rfu: req 20 len 0 -> ack 1 word(s) [IDLE]
rfu: req 20 len 0 -> ack 1 word(s) [IDLE]
rfu: req 20 len 0 -> ack 1 word(s) [IDLE]
rfu: req 20 len 0 -> ack 1 word(s) [IDLE]
rfu: req 20 len 0 -> ack 1 word(s) [IDLE]
rfu: req 20 len 0 -> ack 1 word(s) [IDLE]
rfu: req 20 len 0 -> ack 1 word(s) [IDLE]
rfu: req 20 len 0 -> ack 1 word(s) [IDLE]
rfu: req 20 len 0 -> ack 1 word(s) [IDLE]
rfu: req 20 len 0 -> ack 1 word(s) [IDLE]
rfu: req 20 len 0 -> ack 1 word(s) [IDLE]
rfu: req 20 len 0 -> ack 1 word(s) [IDLE]
rfu: req 20 len 0 -> ack 1 word(s) [IDLE]
rfu: req 20 len 0 -> ack 1 word(s) [IDLE]
rfu: req 20 len 0 -> ack 1 word(s) [IDLE]
rfu: req 20 len 0 -> ack 1 word(s) [IDLE]
rfu: req 20 len 0 -> ack 1 word(s) [IDLE]
rfu: req 20 len 0 -> ack 1 word(s) [IDLE]
rfu: req 20 len 0 -> ack 1 word(s) [IDLE]
rfu: req 20 len 0 -> ack 1 word(s) [IDLE]
rfu: req 20 len 0 -> ack 1 word(s) [IDLE]
rfu: req 20 len 0 -> ack 1 word(s) [IDLE]
rfu: req 20 len 0 -> ack 1 word(s) [IDLE]
rfu: req 20 len 0 -> ack 1 word(s) [IDLE]
rfu: req 20 len 0 -> ack 1 word(s) [IDLE]
rfu: req 20 len 0 -> ack 1 word(s) [IDLE]
rfu: req 20 len 0 -> ack 1 word(s) [IDLE]
rfu: req 20 len 0 -> ack 1 word(s) [IDLE]
rfu: req 20 len 0 -> ack 1 word(s) [IDLE]
rfu: req 20 len 0 -> ack 1 word(s) [IDLE]
rfu: req 20 len 0 -> ack 1 word(s) [IDLE]
rfu: req 20 len 0 -> ack 1 word(s) [IDLE]
rfu: req 20 len 0 -> ack 1 word(s) [IDLE]
rfu: req 20 len 0 -> ack 1 word(s) [IDLE]
rfu: req 20 len 0 -> ack 1 word(s) [IDLE]
rfu: req 20 len 0 -> ack 1 word(s) [IDLE]
rfu: req 20 len 0 -> ack 1 word(s) [IDLE]
rfu: req 20 len 0 -> ack 1 word(s) [IDLE]
rfu: req 20 len 0 -> ack 1 word(s) [IDLE]
rfu: req 20 len 0 -> ack 1 word(s) [IDLE]
rfu: req 20 len 0 -> ack 1 word(s) [IDLE]
rfu: req 21 len 0 -> ack 1 word(s) [IDLE]
rfu: req 1C len 0 -> ack 0 word(s) [SEARCH]
rfu: req 1D len 0 -> ack 7 word(s) [SEARCH]
rfu: req 1E len 0 -> ack 7 word(s) [IDLE]
rfu: connecting to 819d (peer 24)
rfu: req 1F len 1 -> ack 0 word(s) [CONNECTING]
rfu: req 20 len 0 -> ack 1 word(s) [CONNECTING]
rfu: req 20 len 0 -> ack 1 word(s) [CONNECTING]
rfu: req 20 len 0 -> ack 1 word(s) [IDLE]
rfu: req 20 len 0 -> ack 1 word(s) [IDLE]
rfu: req 20 len 0 -> ack 1 word(s) [IDLE]
rfu: req 20 len 0 -> ack 1 word(s) [IDLE]
rfu: req 20 len 0 -> ack 1 word(s) [IDLE]
rfu: req 20 len 0 -> ack 1 word(s) [IDLE]
rfu: req 20 len 0 -> ack 1 word(s) [IDLE]
rfu: req 20 len 0 -> ack 1 word(s) [IDLE]
rfu: req 20 len 0 -> ack 1 word(s) [IDLE]
rfu: req 20 len 0 -> ack 1 word(s) [IDLE]
rfu: req 20 len 0 -> ack 1 word(s) [IDLE]
rfu: req 20 len 0 -> ack 1 word(s) [IDLE]
rfu: req 20 len 0 -> ack 1 word(s) [IDLE]
rfu: req 20 len 0 -> ack 1 word(s) [IDLE]
rfu: req 20 len 0 -> ack 1 word(s) [IDLE]
rfu: req 20 len 0 -> ack 1 word(s) [IDLE]
rfu: req 20 len 0 -> ack 1 word(s) [IDLE]
rfu: req 20 len 0 -> ack 1 word(s) [IDLE]
rfu: req 20 len 0 -> ack 1 word(s) [IDLE]
rfu: req 20 len 0 -> ack 1 word(s) [IDLE]
rfu: req 20 len 0 -> ack 1 word(s) [IDLE]
rfu: req 20 len 0 -> ack 1 word(s) [IDLE]
rfu: req 20 len 0 -> ack 1 word(s) [IDLE]
rfu: req 20 len 0 -> ack 1 word(s) [IDLE]
rfu: req 20 len 0 -> ack 1 word(s) [IDLE]
rfu: req 20 len 0 -> ack 1 word(s) [IDLE]
rfu: req 20 len 0 -> ack 1 word(s) [IDLE]
rfu: req 20 len 0 -> ack 1 word(s) [IDLE]
rfu: req 20 len 0 -> ack 1 word(s) [IDLE]
rfu: req 20 len 0 -> ack 1 word(s) [IDLE]
rfu: req 20 len 0 -> ack 1 word(s) [IDLE]
rfu: req 20 len 0 -> ack 1 word(s) [IDLE]
rfu: req 20 len 0 -> ack 1 word(s) [IDLE]
rfu: req 20 len 0 -> ack 1 word(s) [IDLE]
rfu: req 20 len 0 -> ack 1 word(s) [IDLE]
rfu: req 20 len 0 -> ack 1 word(s) [IDLE]
rfu: req 20 len 0 -> ack 1 word(s) [IDLE]
rfu: req 20 len 0 -> ack 1 word(s) [IDLE]
rfu: req 20 len 0 -> ack 1 word(s) [IDLE]
rfu: req 20 len 0 -> ack 1 word(s) [IDLE]
rfu: req 20 len 0 -> ack 1 word(s) [IDLE]
rfu: req 20 len 0 -> ack 1 word(s) [IDLE]
rfu: req 20 len 0 -> ack 1 word(s) [IDLE]
rfu: req 20 len 0 -> ack 1 word(s) [IDLE]
rfu: req 20 len 0 -> ack 1 word(s) [IDLE]
rfu: req 20 len 0 -> ack 1 word(s) [IDLE]
rfu: req 20 len 0 -> ack 1 word(s) [IDLE]
rfu: req 20 len 0 -> ack 1 word(s) [IDLE]
rfu: req 20 len 0 -> ack 1 word(s) [IDLE]
rfu: req 20 len 0 -> ack 1 word(s) [IDLE]
rfu: req 20 len 0 -> ack 1 word(s) [IDLE]
rfu: req 20 len 0 -> ack 1 word(s) [IDLE]
rfu: req 20 len 0 -> ack 1 word(s) [IDLE]
rfu: req 20 len 0 -> ack 1 word(s) [IDLE]
rfu: req 20 len 0 -> ack 1 word(s) [IDLE]
rfu: req 20 len 0 -> ack 1 word(s) [IDLE]
rfu: req 20 len 0 -> ack 1 word(s) [IDLE]
rfu: req 20 len 0 -> ack 1 word(s) [IDLE]
rfu: req 20 len 0 -> ack 1 word(s) [IDLE]
rfu: req 20 len 0 -> ack 1 word(s) [IDLE]
rfu: req 20 len 0 -> ack 1 word(s) [IDLE]
rfu: req 20 len 0 -> ack 1 word(s) [IDLE]
rfu: req 20 len 0 -> ack 1 word(s) [IDLE]
rfu: req 20 len 0 -> ack 1 word(s) [IDLE]
rfu: req 20 len 0 -> ack 1 word(s) [IDLE]
rfu: req 20 len 0 -> ack 1 word(s) [IDLE]
rfu: req 20 len 0 -> ack 1 word(s) [IDLE]
rfu: req 20 len 0 -> ack 1 word(s) [IDLE]
rfu: req 20 len 0 -> ack 1 word(s) [IDLE]
rfu: req 20 len 0 -> ack 1 word(s) [IDLE]
rfu: req 20 len 0 -> ack 1 word(s) [IDLE]
rfu: req 20 len 0 -> ack 1 word(s) [IDLE]
rfu: req 20 len 0 -> ack 1 word(s) [IDLE]
rfu: req 20 len 0 -> ack 1 word(s) [IDLE]
rfu: req 20 len 0 -> ack 1 word(s) [IDLE]
rfu: req 20 len 0 -> ack 1 word(s) [IDLE]
rfu: req 20 len 0 -> ack 1 word(s) [IDLE]
rfu: req 20 len 0 -> ack 1 word(s) [IDLE]
rfu: req 20 len 0 -> ack 1 word(s) [IDLE]
rfu: req 20 len 0 -> ack 1 word(s) [IDLE]
rfu: req 20 len 0 -> ack 1 word(s) [IDLE]
rfu: req 20 len 0 -> ack 1 word(s) [IDLE]
rfu: req 20 len 0 -> ack 1 word(s) [IDLE]
rfu: req 20 len 0 -> ack 1 word(s) [IDLE]
rfu: req 20 len 0 -> ack 1 word(s) [IDLE]
rfu: req 20 len 0 -> ack 1 word(s) [IDLE]
rfu: req 20 len 0 -> ack 1 word(s) [IDLE]
rfu: req 20 len 0 -> ack 1 word(s) [IDLE]
rfu: req 21 len 0 -> ack 1 word(s) [IDLE]
rfu: req 1C len 0 -> ack 0 word(s) [SEARCH]
rfu: req 1D len 0 -> ack 7 word(s) [SEARCH]
rfu: req 1D len 0 -> ack 7 word(s) [SEARCH]
rfu: req 1D len 0 -> ack 7 word(s) [SEARCH]
rfu: req 1D len 0 -> ack 7 word(s) [SEARCH]
rfu: req 1D len 0 -> ack 7 word(s) [SEARCH]
rfu: req 1D len 0 -> ack 7 word(s) [SEARCH]
rfu: req 1D len 0 -> ack 7 word(s) [SEARCH]
rfu: req 1D len 0 -> ack 7 word(s) [SEARCH]
rfu: req 1D len 0 -> ack 7 word(s) [SEARCH]
rfu: req 1D len 0 -> ack 7 word(s) [SEARCH]
rfu: req 1D len 0 -> ack 7 word(s) [SEARCH]
rfu: req 1D len 0 -> ack 7 word(s) [SEARCH]
rfu: req 1D len 0 -> ack 7 word(s) [SEARCH]
rfu: req 1D len 0 -> ack 7 word(s) [SEARCH]
rfu: req 1D len 0 -> ack 7 word(s) [SEARCH]
rfu: req 1D len 0 -> ack 7 word(s) [SEARCH]
rfu: req 1D len 0 -> ack 7 word(s) [SEARCH]
rfu: req 1D len 0 -> ack 7 word(s) [SEARCH]
rfu: req 1D len 0 -> ack 7 word(s) [SEARCH]
rfu: req 1D len 0 -> ack 7 word(s) [SEARCH]
rfu: req 1D len 0 -> ack 7 word(s) [SEARCH]
rfu: req 1D len 0 -> ack 7 word(s) [SEARCH]
rfu: req 1D len 0 -> ack 7 word(s) [SEARCH]
rfu: req 1D len 0 -> ack 7 word(s) [SEARCH]
rfu: req 1D len 0 -> ack 7 word(s) [SEARCH]
rfu: req 1D len 0 -> ack 7 word(s) [SEARCH]
rfu: req 1D len 0 -> ack 7 word(s) [SEARCH]
rfu: req 1D len 0 -> ack 7 word(s) [SEARCH]
rfu: req 1D len 0 -> ack 7 word(s) [SEARCH]
rfu: req 1D len 0 -> ack 7 word(s) [SEARCH]
rfu: req 1D len 0 -> ack 7 word(s) [SEARCH]
rfu: req 1D len 0 -> ack 7 word(s) [SEARCH]
rfu: req 1D len 0 -> ack 7 word(s) [SEARCH]
rfu: req 1D len 0 -> ack 7 word(s) [SEARCH]
rfu: req 1D len 0 -> ack 7 word(s) [SEARCH]
rfu: req 1D len 0 -> ack 7 word(s) [SEARCH]
rfu: req 1D len 0 -> ack 7 word(s) [SEARCH]
rfu: req 1D len 0 -> ack 7 word(s) [SEARCH]
rfu: req 1D len 0 -> ack 7 word(s) [SEARCH]
rfu: req 1E len 0 -> ack 7 word(s) [IDLE]
rfu: req 13 len 0 -> ack 1 word(s) [IDLE]
rfu: hosting, device id ddc0
rfu: req 19 len 0 -> ack 0 word(s) [HOST-OPEN]
rfu: req 1A len 0 -> ack 0 word(s) [HOST-OPEN]
rfu: req 13 len 0 -> ack 1 word(s) [HOST-OPEN]
rfu: req 1A len 0 -> ack 0 word(s) [HOST-OPEN]
rfu: req 1A len 0 -> ack 0 word(s) [HOST-OPEN]
rfu: req 1A len 0 -> ack 0 word(s) [HOST-OPEN]
rfu: req 1A len 0 -> ack 0 word(s) [HOST-OPEN]
rfu: req 1A len 0 -> ack 0 word(s) [HOST-OPEN]
rfu: req 1A len 0 -> ack 0 word(s) [HOST-OPEN]
rfu: req 1A len 0 -> ack 0 word(s) [HOST-OPEN]
rfu: req 1A len 0 -> ack 0 word(s) [HOST-OPEN]
rfu: req 1A len 0 -> ack 0 word(s) [HOST-OPEN]
rfu: req 1A len 0 -> ack 0 word(s) [HOST-OPEN]
rfu: req 1A len 0 -> ack 0 word(s) [HOST-OPEN]
rfu: req 1A len 0 -> ack 0 word(s) [HOST-OPEN]
rfu: req 1A len 0 -> ack 0 word(s) [HOST-OPEN]
rfu: req 1A len 0 -> ack 0 word(s) [HOST-OPEN]
rfu: req 1A len 0 -> ack 0 word(s) [HOST-OPEN]
rfu: req 1A len 0 -> ack 0 word(s) [HOST-OPEN]
rfu: req 1B len 0 -> ack 0 word(s) [IDLE]
rfu: req 13 len 0 -> ack 1 word(s) [IDLE]
rfu: hosting, device id 9cb2
rfu: req 19 len 0 -> ack 0 word(s) [HOST-OPEN]
rfu: req 1A len 0 -> ack 0 word(s) [HOST-OPEN]
rfu: req 13 len 0 -> ack 1 word(s) [HOST-OPEN]
rfu: req 1A len 0 -> ack 0 word(s) [HOST-OPEN]
rfu: req 1A len 0 -> ack 0 word(s) [HOST-OPEN]
rfu: req 1A len 0 -> ack 0 word(s) [HOST-OPEN]
rfu: req 1A len 0 -> ack 0 word(s) [HOST-OPEN]
rfu: req 1A len 0 -> ack 0 word(s) [HOST-OPEN]
rfu: req 1A len 0 -> ack 0 word(s) [HOST-OPEN]
rfu: req 16 len 6 -> ack 0 word(s) [HOST-OPEN]
rfu: req 1A len 0 -> ack 0 word(s) [HOST-OPEN]
rfu: req 1A len 0 -> ack 0 word(s) [HOST-OPEN]
rfu: req 1A len 0 -> ack 0 word(s) [HOST-OPEN]
rfu: req 1A len 0 -> ack 0 word(s) [HOST-OPEN]
rfu: req 1A len 0 -> ack 0 word(s) [HOST-OPEN]
rfu: req 1A len 0 -> ack 0 word(s) [HOST-OPEN]
rfu: req 1A len 0 -> ack 0 word(s) [HOST-OPEN]
rfu: req 1A len 0 -> ack 0 word(s) [HOST-OPEN]
rfu: req 1A len 0 -> ack 0 word(s) [HOST-OPEN]
rfu: req 1A len 0 -> ack 0 word(s) [HOST-OPEN]
rfu: req 1A len 0 -> ack 0 word(s) [HOST-OPEN]
rfu: req 1A len 0 -> ack 0 word(s) [HOST-OPEN]
rfu: req 1A len 0 -> ack 0 word(s) [HOST-OPEN]
rfu: req 1A len 0 -> ack 0 word(s) [HOST-OPEN]
rfu: req 1A len 0 -> ack 0 word(s) [HOST-OPEN]
rfu: req 1A len 0 -> ack 0 word(s) [HOST-OPEN]
rfu: req 1A len 0 -> ack 0 word(s) [HOST-OPEN]
rfu: req 1A len 0 -> ack 0 word(s) [HOST-OPEN]
rfu: req 1A len 0 -> ack 0 word(s) [HOST-OPEN]
rfu: req 1A len 0 -> ack 0 word(s) [HOST-OPEN]
rfu: req 1A len 0 -> ack 0 word(s) [HOST-OPEN]
rfu: req 1A len 0 -> ack 0 word(s) [HOST-OPEN]
rfu: req 1A len 0 -> ack 0 word(s) [HOST-OPEN]
rfu: req 1A len 0 -> ack 0 word(s) [HOST-OPEN]
rfu: req 1A len 0 -> ack 0 word(s) [HOST-OPEN]
rfu: req 1A len 0 -> ack 0 word(s) [HOST-OPEN]
rfu: req 1A len 0 -> ack 0 word(s) [HOST-OPEN]
rfu: req 1A len 0 -> ack 0 word(s) [HOST-OPEN]
rfu: req 1A len 0 -> ack 0 word(s) [HOST-OPEN]
rfu: req 1A len 0 -> ack 0 word(s) [HOST-OPEN]
rfu: req 1A len 0 -> ack 0 word(s) [HOST-OPEN]
rfu: req 1A len 0 -> ack 0 word(s) [HOST-OPEN]
rfu: req 1A len 0 -> ack 0 word(s) [HOST-OPEN]
rfu: req 1A len 0 -> ack 0 word(s) [HOST-OPEN]
rfu: req 1A len 0 -> ack 0 word(s) [HOST-OPEN]
rfu: req 1A len 0 -> ack 0 word(s) [HOST-OPEN]
rfu: req 1A len 0 -> ack 0 word(s) [HOST-OPEN]
rfu: req 1A len 0 -> ack 0 word(s) [HOST-OPEN]
rfu: req 1A len 0 -> ack 0 word(s) [HOST-OPEN]
rfu: req 1A len 0 -> ack 0 word(s) [HOST-OPEN]
rfu: req 1A len 0 -> ack 0 word(s) [HOST-OPEN]
rfu: req 1A len 0 -> ack 0 word(s) [HOST-OPEN]
rfu: req 1A len 0 -> ack 0 word(s) [HOST-OPEN]
rfu: req 1A len 0 -> ack 0 word(s) [HOST-OPEN]
rfu: req 1A len 0 -> ack 0 word(s) [HOST-OPEN]
rfu: req 1A len 0 -> ack 0 word(s) [HOST-OPEN]
rfu: req 1A len 0 -> ack 0 word(s) [HOST-OPEN]
rfu: req 1A len 0 -> ack 0 word(s) [HOST-OPEN]
rfu: req 1A len 0 -> ack 0 word(s) [HOST-OPEN]
rfu: req 1A len 0 -> ack 0 word(s) [HOST-OPEN]
rfu: req 1A len 0 -> ack 0 word(s) [HOST-OPEN]
rfu: req 1A len 0 -> ack 0 word(s) [HOST-OPEN]
rfu: req 1A len 0 -> ack 0 word(s) [HOST-OPEN]
rfu: req 1A len 0 -> ack 0 word(s) [HOST-OPEN]
rfu: req 1A len 0 -> ack 0 word(s) [HOST-OPEN]
rfu: req 1A len 0 -> ack 0 word(s) [HOST-OPEN]
rfu: req 1A len 0 -> ack 0 word(s) [HOST-OPEN]
rfu: req 1A len 0 -> ack 0 word(s) [HOST-OPEN]
rfu: req 1A len 0 -> ack 0 word(s) [HOST-OPEN]
rfu: req 1A len 0 -> ack 0 word(s) [HOST-OPEN]
rfu: req 1A len 0 -> ack 0 word(s) [HOST-OPEN]
rfu: req 1A len 0 -> ack 0 word(s) [HOST-OPEN]
rfu: req 1B len 0 -> ack 0 word(s) [IDLE]
rfu: req 1C len 0 -> ack 0 word(s) [SEARCH]
rfu: req 1D len 0 -> ack 7 word(s) [SEARCH]
rfu: req 1D len 0 -> ack 7 word(s) [SEARCH]
rfu: req 1D len 0 -> ack 7 word(s) [SEARCH]
rfu: req 1D len 0 -> ack 7 word(s) [SEARCH]
rfu: req 1D len 0 -> ack 7 word(s) [SEARCH]
rfu: req 1D len 0 -> ack 7 word(s) [SEARCH]
rfu: req 1D len 0 -> ack 7 word(s) [SEARCH]
rfu: req 1D len 0 -> ack 7 word(s) [SEARCH]
rfu: req 1D len 0 -> ack 7 word(s) [SEARCH]
rfu: req 1D len 0 -> ack 7 word(s) [SEARCH]
rfu: req 1D len 0 -> ack 7 word(s) [SEARCH]
rfu: req 1D len 0 -> ack 7 word(s) [SEARCH]
rfu: req 1D len 0 -> ack 7 word(s) [SEARCH]
rfu: req 1D len 0 -> ack 7 word(s) [SEARCH]
rfu: req 1D len 0 -> ack 7 word(s) [SEARCH]
rfu: req 1D len 0 -> ack 7 word(s) [SEARCH]
rfu: req 1D len 0 -> ack 7 word(s) [SEARCH]
rfu: req 1D len 0 -> ack 7 word(s) [SEARCH]
rfu: req 1D len 0 -> ack 7 word(s) [SEARCH]
rfu: req 1D len 0 -> ack 7 word(s) [SEARCH]
rfu: req 1D len 0 -> ack 7 word(s) [SEARCH]
rfu: req 1D len 0 -> ack 7 word(s) [SEARCH]
rfu: req 1D len 0 -> ack 7 word(s) [SEARCH]
rfu: req 1D len 0 -> ack 7 word(s) [SEARCH]
rfu: req 1D len 0 -> ack 7 word(s) [SEARCH]
rfu: req 1D len 0 -> ack 7 word(s) [SEARCH]
rfu: req 1D len 0 -> ack 7 word(s) [SEARCH]
rfu: req 1D len 0 -> ack 7 word(s) [SEARCH]
rfu: req 1D len 0 -> ack 7 word(s) [SEARCH]
rfu: req 1D len 0 -> ack 7 word(s) [SEARCH]
rfu: req 1D len 0 -> ack 7 word(s) [SEARCH]
rfu: req 1D len 0 -> ack 7 word(s) [SEARCH]
rfu: req 1D len 0 -> ack 7 word(s) [SEARCH]
rfu: req 1D len 0 -> ack 7 word(s) [SEARCH]
rfu: req 1D len 0 -> ack 7 word(s) [SEARCH]
rfu: req 1D len 0 -> ack 7 word(s) [SEARCH]
rfu: req 1D len 0 -> ack 7 word(s) [SEARCH]
rfu: req 1D len 0 -> ack 7 word(s) [SEARCH]
rfu: req 1D len 0 -> ack 7 word(s) [SEARCH]
rfu: req 1E len 0 -> ack 7 word(s) [IDLE]
rfu: req 13 len 0 -> ack 1 word(s) [IDLE]
rfu: hosting, device id a105
rfu: req 19 len 0 -> ack 0 word(s) [HOST-OPEN]
rfu: req 1A len 0 -> ack 0 word(s) [HOST-OPEN]
rfu: req 13 len 0 -> ack 1 word(s) [HOST-OPEN]
rfu: req 1A len 0 -> ack 0 word(s) [HOST-OPEN]
rfu: req 1A len 0 -> ack 0 word(s) [HOST-OPEN]
rfu: req 1A len 0 -> ack 0 word(s) [HOST-OPEN]
rfu: req 1A len 0 -> ack 0 word(s) [HOST-OPEN]
rfu: req 1A len 0 -> ack 0 word(s) [HOST-OPEN]
rfu: req 1A len 0 -> ack 0 word(s) [HOST-OPEN]
rfu: req 1A len 0 -> ack 0 word(s) [HOST-OPEN]
rfu: req 1A len 0 -> ack 0 word(s) [HOST-OPEN]
rfu: req 1A len 0 -> ack 0 word(s) [HOST-OPEN]
rfu: req 1A len 0 -> ack 0 word(s) [HOST-OPEN]
rfu: req 1A len 0 -> ack 0 word(s) [HOST-OPEN]
rfu: req 1A len 0 -> ack 0 word(s) [HOST-OPEN]
rfu: req 1A len 0 -> ack 0 word(s) [HOST-OPEN]
rfu: req 1A len 0 -> ack 0 word(s) [HOST-OPEN]
rfu: req 1A len 0 -> ack 0 word(s) [HOST-OPEN]
rfu: req 1A len 0 -> ack 0 word(s) [HOST-OPEN]
rfu: req 1A len 0 -> ack 0 word(s) [HOST-OPEN]
rfu: req 1A len 0 -> ack 0 word(s) [HOST-OPEN]
rfu: req 1A len 0 -> ack 0 word(s) [HOST-OPEN]
rfu: req 1A len 0 -> ack 0 word(s) [HOST-OPEN]
rfu: req 1A len 0 -> ack 0 word(s) [HOST-OPEN]
rfu: req 1A len 0 -> ack 0 word(s) [HOST-OPEN]
rfu: req 1A len 0 -> ack 0 word(s) [HOST-OPEN]
rfu: req 1A len 0 -> ack 0 word(s) [HOST-OPEN]
rfu: req 1A len 0 -> ack 0 word(s) [HOST-OPEN]
rfu: req 1A len 0 -> ack 0 word(s) [HOST-OPEN]
rfu: req 1A len 0 -> ack 0 word(s) [HOST-OPEN]
rfu: req 1A len 0 -> ack 0 word(s) [HOST-OPEN]
rfu: req 1A len 0 -> ack 0 word(s) [HOST-OPEN]
rfu: req 1A len 0 -> ack 0 word(s) [HOST-OPEN]
rfu: req 1A len 0 -> ack 0 word(s) [HOST-OPEN]
rfu: req 1A len 0 -> ack 0 word(s) [HOST-OPEN]
rfu: req 1A len 0 -> ack 0 word(s) [HOST-OPEN]
rfu: req 1A len 0 -> ack 0 word(s) [HOST-OPEN]
rfu: req 1A len 0 -> ack 0 word(s) [HOST-OPEN]
rfu: req 1A len 0 -> ack 0 word(s) [HOST-OPEN]
rfu: req 1A len 0 -> ack 0 word(s) [HOST-OPEN]
rfu: req 1A len 0 -> ack 0 word(s) [HOST-OPEN]
rfu: req 1A len 0 -> ack 0 word(s) [HOST-OPEN]
rfu: req 1A len 0 -> ack 0 word(s) [HOST-OPEN]
rfu: req 1A len 0 -> ack 0 word(s) [HOST-OPEN]
rfu: req 1A len 0 -> ack 0 word(s) [HOST-OPEN]
rfu: req 1A len 0 -> ack 0 word(s) [HOST-OPEN]
rfu: req 1A len 0 -> ack 0 word(s) [HOST-OPEN]
rfu: req 1A len 0 -> ack 0 word(s) [HOST-OPEN]
rfu: req 1A len 0 -> ack 0 word(s) [HOST-OPEN]
rfu: req 1A len 0 -> ack 0 word(s) [HOST-OPEN]
rfu: req 1A len 0 -> ack 0 word(s) [HOST-OPEN]
rfu: req 1A len 0 -> ack 0 word(s) [HOST-OPEN]
rfu: req 1A len 0 -> ack 0 word(s) [HOST-OPEN]
rfu: req 1A len 0 -> ack 0 word(s) [HOST-OPEN]
rfu: req 1A len 0 -> ack 0 word(s) [HOST-OPEN]
rfu: req 1A len 0 -> ack 0 word(s) [HOST-OPEN]
rfu: req 1A len 0 -> ack 0 word(s) [HOST-OPEN]
rfu: req 1A len 0 -> ack 0 word(s) [HOST-OPEN]
rfu: req 1A len 0 -> ack 0 word(s) [HOST-OPEN]
rfu: req 1A len 0 -> ack 0 word(s) [HOST-OPEN]
rfu: req 1A len 0 -> ack 0 word(s) [HOST-OPEN]
rfu: req 1A len 0 -> ack 0 word(s) [HOST-OPEN]
rfu: req 1A len 0 -> ack 0 word(s) [HOST-OPEN]
rfu: req 1A len 0 -> ack 0 word(s) [HOST-OPEN]
rfu: req 1A len 0 -> ack 0 word(s) [HOST-OPEN]
rfu: req 1A len 0 -> ack 0 word(s) [HOST-OPEN]
rfu: req 1A len 0 -> ack 0 word(s) [HOST-OPEN]
rfu: req 1A len 0 -> ack 0 word(s) [HOST-OPEN]
rfu: req 1A len 0 -> ack 0 word(s) [HOST-OPEN]
rfu: req 1A len 0 -> ack 0 word(s) [HOST-OPEN]
rfu: req 1A len 0 -> ack 0 word(s) [HOST-OPEN]
rfu: req 1A len 0 -> ack 0 word(s) [HOST-OPEN]
rfu: req 1A len 0 -> ack 0 word(s) [HOST-OPEN]
rfu: req 1B len 0 -> ack 0 word(s) [IDLE]
rfu: req 13 len 0 -> ack 1 word(s) [IDLE]
rfu: hosting, device id 837d
rfu: req 19 len 0 -> ack 0 word(s) [HOST-OPEN]
rfu: req 1A len 0 -> ack 0 word(s) [HOST-OPEN]
rfu: req 13 len 0 -> ack 1 word(s) [HOST-OPEN]
rfu: req 1A len 0 -> ack 0 word(s) [HOST-OPEN]
rfu: req 1A len 0 -> ack 0 word(s) [HOST-OPEN]
rfu: req 1A len 0 -> ack 0 word(s) [HOST-OPEN]
rfu: req 1A len 0 -> ack 0 word(s) [HOST-OPEN]
rfu: req 1A len 0 -> ack 0 word(s) [HOST-OPEN]
rfu: req 1A len 0 -> ack 0 word(s) [HOST-OPEN]
rfu: req 1A len 0 -> ack 0 word(s) [HOST-OPEN]
rfu: req 1A len 0 -> ack 0 word(s) [HOST-OPEN]
rfu: req 1A len 0 -> ack 0 word(s) [HOST-OPEN]
rfu: req 1A len 0 -> ack 0 word(s) [HOST-OPEN]
rfu: req 1A len 0 -> ack 0 word(s) [HOST-OPEN]
rfu: req 1A len 0 -> ack 0 word(s) [HOST-OPEN]
rfu: req 1A len 0 -> ack 0 word(s) [HOST-OPEN]
rfu: req 1A len 0 -> ack 0 word(s) [HOST-OPEN]
rfu: req 1A len 0 -> ack 0 word(s) [HOST-OPEN]
rfu: req 1A len 0 -> ack 0 word(s) [HOST-OPEN]
rfu: req 1A len 0 -> ack 0 word(s) [HOST-OPEN]
rfu: req 1A len 0 -> ack 0 word(s) [HOST-OPEN]
rfu: req 1A len 0 -> ack 0 word(s) [HOST-OPEN]
rfu: req 1A len 0 -> ack 0 word(s) [HOST-OPEN]
rfu: req 1A len 0 -> ack 0 word(s) [HOST-OPEN]
rfu: req 1A len 0 -> ack 0 word(s) [HOST-OPEN]
rfu: req 1A len 0 -> ack 0 word(s) [HOST-OPEN]
rfu: req 1A len 0 -> ack 0 word(s) [HOST-OPEN]
rfu: req 1A len 0 -> ack 0 word(s) [HOST-OPEN]
rfu: req 1A len 0 -> ack 0 word(s) [HOST-OPEN]
rfu: req 1A len 0 -> ack 0 word(s) [HOST-OPEN]
rfu: req 1A len 0 -> ack 0 word(s) [HOST-OPEN]
rfu: req 1A len 0 -> ack 0 word(s) [HOST-OPEN]
rfu: req 1A len 0 -> ack 0 word(s) [HOST-OPEN]
rfu: req 1A len 0 -> ack 0 word(s) [HOST-OPEN]
rfu: req 1A len 0 -> ack 0 word(s) [HOST-OPEN]
rfu: req 1A len 0 -> ack 0 word(s) [HOST-OPEN]
rfu: req 1A len 0 -> ack 0 word(s) [HOST-OPEN]
rfu: req 1A len 0 -> ack 0 word(s) [HOST-OPEN]
rfu: req 1A len 0 -> ack 0 word(s) [HOST-OPEN]
rfu: req 1A len 0 -> ack 0 word(s) [HOST-OPEN]
rfu: req 1A len 0 -> ack 0 word(s) [HOST-OPEN]
rfu: req 1A len 0 -> ack 0 word(s) [HOST-OPEN]
rfu: req 1A len 0 -> ack 0 word(s) [HOST-OPEN]
rfu: req 1A len 0 -> ack 0 word(s) [HOST-OPEN]
rfu: req 1A len 0 -> ack 0 word(s) [HOST-OPEN]
rfu: req 1A len 0 -> ack 0 word(s) [HOST-OPEN]
rfu: req 1A len 0 -> ack 0 word(s) [HOST-OPEN]
rfu: req 1A len 0 -> ack 0 word(s) [HOST-OPEN]
rfu: req 1A len 0 -> ack 0 word(s) [HOST-OPEN]
rfu: req 1A len 0 -> ack 0 word(s) [HOST-OPEN]
rfu: req 1A len 0 -> ack 0 word(s) [HOST-OPEN]
rfu: req 1A len 0 -> ack 0 word(s) [HOST-OPEN]
rfu: req 1A len 0 -> ack 0 word(s) [HOST-OPEN]
rfu: req 1A len 0 -> ack 0 word(s) [HOST-OPEN]
rfu: req 1A len 0 -> ack 0 word(s) [HOST-OPEN]
rfu: req 1A len 0 -> ack 0 word(s) [HOST-OPEN]
rfu: req 1A len 0 -> ack 0 word(s) [HOST-OPEN]
rfu: req 1A len 0 -> ack 0 word(s) [HOST-OPEN]
rfu: req 1A len 0 -> ack 0 word(s) [HOST-OPEN]
rfu: req 1A len 0 -> ack 0 word(s) [HOST-OPEN]
rfu: req 1B len 0 -> ack 0 word(s) [IDLE]
rfu: req 1C len 0 -> ack 0 word(s) [SEARCH]
rfu: req 1D len 0 -> ack 7 word(s) [SEARCH]
rfu: req 1D len 0 -> ack 7 word(s) [SEARCH]
rfu: req 1D len 0 -> ack 7 word(s) [SEARCH]
rfu: req 1D len 0 -> ack 7 word(s) [SEARCH]
rfu: req 1D len 0 -> ack 7 word(s) [SEARCH]
rfu: req 1D len 0 -> ack 7 word(s) [SEARCH]
rfu: req 1D len 0 -> ack 7 word(s) [SEARCH]
rfu: req 1D len 0 -> ack 7 word(s) [SEARCH]
rfu: req 1D len 0 -> ack 7 word(s) [SEARCH]
rfu: req 1D len 0 -> ack 7 word(s) [SEARCH]
rfu: req 1D len 0 -> ack 7 word(s) [SEARCH]
rfu: req 1D len 0 -> ack 7 word(s) [SEARCH]
rfu: req 1D len 0 -> ack 7 word(s) [SEARCH]
rfu: req 1D len 0 -> ack 7 word(s) [SEARCH]
rfu: req 1D len 0 -> ack 7 word(s) [SEARCH]
rfu: req 1D len 0 -> ack 7 word(s) [SEARCH]
rfu: req 1D len 0 -> ack 7 word(s) [SEARCH]
rfu: req 1D len 0 -> ack 7 word(s) [SEARCH]
rfu: req 1D len 0 -> ack 7 word(s) [SEARCH]
rfu: req 1D len 0 -> ack 7 word(s) [SEARCH]
rfu: req 1D len 0 -> ack 7 word(s) [SEARCH]
rfu: req 1D len 0 -> ack 7 word(s) [SEARCH]
rfu: req 1D len 0 -> ack 7 word(s) [SEARCH]
rfu: req 1D len 0 -> ack 7 word(s) [SEARCH]
rfu: req 1D len 0 -> ack 7 word(s) [SEARCH]
rfu: req 1D len 0 -> ack 7 word(s) [SEARCH]
rfu: req 1D len 0 -> ack 7 word(s) [SEARCH]
rfu: req 1D len 0 -> ack 7 word(s) [SEARCH]
rfu: req 1D len 0 -> ack 7 word(s) [SEARCH]
rfu: req 1D len 0 -> ack 7 word(s) [SEARCH]
rfu: req 1D len 0 -> ack 7 word(s) [SEARCH]
rfu: req 1D len 0 -> ack 7 word(s) [SEARCH]
rfu: req 1D len 0 -> ack 7 word(s) [SEARCH]
rfu: req 1D len 0 -> ack 7 word(s) [SEARCH]
rfu: req 1D len 0 -> ack 7 word(s) [SEARCH]
rfu: req 1D len 0 -> ack 7 word(s) [SEARCH]
rfu: req 1D len 0 -> ack 7 word(s) [SEARCH]
rfu: req 1D len 0 -> ack 7 word(s) [SEARCH]
rfu: req 1D len 0 -> ack 7 word(s) [SEARCH]
rfu: req 1E len 0 -> ack 7 word(s) [IDLE]
rfu: req 13 len 0 -> ack 1 word(s) [IDLE]
rfu: hosting, device id 280d
rfu: req 19 len 0 -> ack 0 word(s) [HOST-OPEN]
rfu: req 1A len 0 -> ack 0 word(s) [HOST-OPEN]
rfu: req 13 len 0 -> ack 1 word(s) [HOST-OPEN]
rfu: req 1A len 0 -> ack 0 word(s) [HOST-OPEN]
rfu: req 1A len 0 -> ack 0 word(s) [HOST-OPEN]
rfu: req 1A len 0 -> ack 0 word(s) [HOST-OPEN]
rfu: req 1A len 0 -> ack 0 word(s) [HOST-OPEN]
rfu: req 1A len 0 -> ack 0 word(s) [HOST-OPEN]
rfu: req 1A len 0 -> ack 0 word(s) [HOST-OPEN]
rfu: req 1A len 0 -> ack 0 word(s) [HOST-OPEN]
rfu: req 1A len 0 -> ack 0 word(s) [HOST-OPEN]
rfu: req 1A len 0 -> ack 0 word(s) [HOST-OPEN]
rfu: req 1A len 0 -> ack 0 word(s) [HOST-OPEN]
rfu: req 1A len 0 -> ack 0 word(s) [HOST-OPEN]
rfu: req 1A len 0 -> ack 0 word(s) [HOST-OPEN]
rfu: req 1A len 0 -> ack 0 word(s) [HOST-OPEN]
rfu: req 1A len 0 -> ack 0 word(s) [HOST-OPEN]
rfu: req 1A len 0 -> ack 0 word(s) [HOST-OPEN]
rfu: req 1A len 0 -> ack 0 word(s) [HOST-OPEN]
rfu: req 1A len 0 -> ack 0 word(s) [HOST-OPEN]
rfu: req 1A len 0 -> ack 0 word(s) [HOST-OPEN]
rfu: req 1A len 0 -> ack 0 word(s) [HOST-OPEN]
rfu: req 1A len 0 -> ack 0 word(s) [HOST-OPEN]
rfu: req 1A len 0 -> ack 0 word(s) [HOST-OPEN]
rfu: req 1A len 0 -> ack 0 word(s) [HOST-OPEN]
rfu: req 1A len 0 -> ack 0 word(s) [HOST-OPEN]
rfu: req 1A len 0 -> ack 0 word(s) [HOST-OPEN]
rfu: req 1A len 0 -> ack 0 word(s) [HOST-OPEN]
rfu: req 1A len 0 -> ack 0 word(s) [HOST-OPEN]
rfu: req 1A len 0 -> ack 0 word(s) [HOST-OPEN]
rfu: req 1A len 0 -> ack 0 word(s) [HOST-OPEN]
rfu: req 1A len 0 -> ack 0 word(s) [HOST-OPEN]
rfu: req 1A len 0 -> ack 0 word(s) [HOST-OPEN]
rfu: req 1A len 0 -> ack 0 word(s) [HOST-OPEN]
rfu: req 1A len 0 -> ack 0 word(s) [HOST-OPEN]
rfu: req 1A len 0 -> ack 0 word(s) [HOST-OPEN]
rfu: req 1A len 0 -> ack 0 word(s) [HOST-OPEN]
rfu: req 1A len 0 -> ack 0 word(s) [HOST-OPEN]
rfu: req 1A len 0 -> ack 0 word(s) [HOST-OPEN]
rfu: req 1A len 0 -> ack 0 word(s) [HOST-OPEN]
rfu: req 1A len 0 -> ack 0 word(s) [HOST-OPEN]
rfu: req 1A len 0 -> ack 0 word(s) [HOST-OPEN]
rfu: req 1A len 0 -> ack 0 word(s) [HOST-OPEN]
rfu: req 1A len 0 -> ack 0 word(s) [HOST-OPEN]
rfu: req 1A len 0 -> ack 0 word(s) [HOST-OPEN]
rfu: req 1A len 0 -> ack 0 word(s) [HOST-OPEN]
rfu: req 1A len 0 -> ack 0 word(s) [HOST-OPEN]
rfu: req 1A len 0 -> ack 0 word(s) [HOST-OPEN]
rfu: req 16 len 6 -> ack 0 word(s) [HOST-OPEN]
rfu: req 1A len 0 -> ack 0 word(s) [HOST-OPEN]
rfu: req 1B len 0 -> ack 0 word(s) [IDLE]
rfu: req 1C len 0 -> ack 0 word(s) [SEARCH]
rfu: req 1D len 0 -> ack 7 word(s) [SEARCH]
rfu: req 1E len 0 -> ack 7 word(s) [IDLE]
rfu: connecting to e568 (peer 24)
rfu: req 1F len 1 -> ack 0 word(s) [CONNECTING]
rfu: req 20 len 0 -> ack 1 word(s) [CONNECTING]
rfu: connected as child 0, id 51de
rfu: req 20 len 0 -> ack 1 word(s) [CLIENT]
rfu: req 21 len 0 -> ack 1 word(s) [CLIENT]
rfu: req 27 len 0 -> ack 0 word(s) [CLIENT]
rfu: event: clock reversed (adapter is master)
rfu: inject 28 (0 param words)
rfu: event: GBA acked our notify
rfu: req 11 len 0 -> ack 1 word(s) [CLIENT]
rfu: req 26 len 0 -> ack 2 word(s) [CLIENT]
rfu: req 25 len 4 -> ack 0 word(s) [CLIENT]
rfu: event: clock reversed (adapter is master)
rfu: inject 28 (0 param words)
rfu: event: GBA acked our notify
rfu: dropped a host frame (queue full)
rfu: dropped a host frame (queue full)
rfu: dropped a host frame (queue full)
rfu: dropped a host frame (queue full)
rfu: dropped a host frame (queue full)
rfu: dropped a host frame (queue full)
rfu: dropped a host frame (queue full)
rfu: dropped a host frame (queue full)
rfu: dropped a host frame (queue full)
rfu: dropped a host frame (queue full)
rfu: dropped a host frame (queue full)
rfu: dropped a host frame (queue full)
rfu: req 26 len 0 -> ack 2 word(s) [CLIENT]
rfu: req 25 len 4 -> ack 0 word(s) [CLIENT]
rfu: inject 28 (0 param words)
rfu: event: clock reversed (adapter is master)
rfu: event: GBA acked our notify
rfu: dropped a host frame (queue full)
rfu: dropped a host frame (queue full)
rfu: dropped a host frame (queue full)
rfu: dropped a host frame (queue full)
rfu: dropped a host frame (queue full)
rfu: dropped a host frame (queue full)
rfu: dropped a host frame (queue full)
rfu: dropped a host frame (queue full)
rfu: dropped a host frame (queue full)
rfu: dropped a host frame (queue full)
rfu: dropped a host frame (queue full)
rfu: dropped a host frame (queue full)
rfu: dropped a host frame (queue full)
rfu: dropped a host frame (queue full)
rfu: dropped a host frame (queue full)
rfu: req 26 len 0 -> ack 2 word(s) [CLIENT]
rfu: req 25 len 5 -> ack 0 word(s) [CLIENT]
rfu: inject 28 (0 param words)
rfu: event: clock reversed (adapter is master)
rfu: event: GBA acked our notify
rfu: dropped a host frame (queue full)
rfu: dropped a host frame (queue full)
rfu: dropped a host frame (queue full)
rfu: dropped a host frame (queue full)
rfu: dropped a host frame (queue full)
rfu: dropped a host frame (queue full)
rfu: dropped a host frame (queue full)
rfu: dropped a host frame (queue full)
rfu: dropped a host frame (queue full)
rfu: dropped a host frame (queue full)
rfu: dropped a host frame (queue full)
rfu: dropped a host frame (queue full)
rfu: dropped a host frame (queue full)
rfu: dropped a host frame (queue full)
rfu: dropped a host frame (queue full)
rfu: req 26 len 0 -> ack 2 word(s) [CLIENT]
rfu: req 25 len 5 -> ack 0 word(s) [CLIENT]
rfu: inject 28 (0 param words)
rfu: event: clock reversed (adapter is master)
rfu: event: GBA acked our notify
rfu: dropped a host frame (queue full)
rfu: dropped a host frame (queue full)
rfu: dropped a host frame (queue full)
rfu: dropped a host frame (queue full)
rfu: dropped a host frame (queue full)
rfu: dropped a host frame (queue full)
rfu: dropped a host frame (queue full)
rfu: dropped a host frame (queue full)
rfu: dropped a host frame (queue full)
rfu: dropped a host frame (queue full)
rfu: dropped a host frame (queue full)
rfu: dropped a host frame (queue full)
rfu: dropped a host frame (queue full)
rfu: dropped a host frame (queue full)
rfu: req 26 len 0 -> ack 2 word(s) [CLIENT]
rfu: req 25 len 2 -> ack 0 word(s) [CLIENT]
rfu: inject 28 (0 param words)
rfu: event: clock reversed (adapter is master)
rfu: event: GBA acked our notify
rfu: dropped a host frame (queue full)
rfu: dropped a host frame (queue full)
rfu: dropped a host frame (queue full)
rfu: dropped a host frame (queue full)
rfu: dropped a host frame (queue full)
rfu: dropped a host frame (queue full)
rfu: dropped a host frame (queue full)
rfu: dropped a host frame (queue full)
rfu: dropped a host frame (queue full)
rfu: dropped a host frame (queue full)
rfu: dropped a host frame (queue full)
rfu: dropped a host frame (queue full)
rfu: dropped a host frame (queue full)
rfu: dropped a host frame (queue full)
rfu: dropped a host frame (queue full)
rfu: req 26 len 0 -> ack 2 word(s) [CLIENT]
rfu: req 25 len 5 -> ack 0 word(s) [CLIENT]
rfu: inject 28 (0 param words)
rfu: event: clock reversed (adapter is master)
rfu: event: GBA acked our notify
rfu: dropped a host frame (queue full)
rfu: dropped a host frame (queue full)
rfu: dropped a host frame (queue full)
rfu: dropped a host frame (queue full)
rfu: dropped a host frame (queue full)
rfu: dropped a host frame (queue full)
rfu: dropped a host frame (queue full)
rfu: dropped a host frame (queue full)
rfu: dropped a host frame (queue full)
rfu: dropped a host frame (queue full)
rfu: dropped a host frame (queue full)
rfu: dropped a host frame (queue full)
rfu: dropped a host frame (queue full)
rfu: dropped a host frame (queue full)
rfu: dropped a host frame (queue full)
rfu: req 26 len 0 -> ack 2 word(s) [CLIENT]
rfu: req 25 len 5 -> ack 0 word(s) [CLIENT]
rfu: inject 28 (0 param words)
rfu: event: clock reversed (adapter is master)
rfu: event: GBA acked our notify
rfu: dropped a host frame (queue full)
rfu: dropped a host frame (queue full)
rfu: dropped a host frame (queue full)
rfu: dropped a host frame (queue full)
rfu: dropped a host frame (queue full)
rfu: dropped a host frame (queue full)
rfu: dropped a host frame (queue full)
rfu: dropped a host frame (queue full)
rfu: dropped a host frame (queue full)
rfu: dropped a host frame (queue full)
rfu: dropped a host frame (queue full)
rfu: dropped a host frame (queue full)
rfu: dropped a host frame (queue full)
rfu: dropped a host frame (queue full)
rfu: dropped a host frame (queue full)
rfu: req 26 len 0 -> ack 2 word(s) [CLIENT]
rfu: req 25 len 2 -> ack 0 word(s) [CLIENT]
rfu: inject 28 (0 param words)
rfu: event: clock reversed (adapter is master)
rfu: event: GBA acked our notify
rfu: dropped a host frame (queue full)
rfu: dropped a host frame (queue full)
rfu: dropped a host frame (queue full)
rfu: dropped a host frame (queue full)
rfu: dropped a host frame (queue full)
rfu: dropped a host frame (queue full)
rfu: dropped a host frame (queue full)
rfu: dropped a host frame (queue full)
rfu: dropped a host frame (queue full)
rfu: dropped a host frame (queue full)
rfu: dropped a host frame (queue full)
rfu: dropped a host frame (queue full)
rfu: dropped a host frame (queue full)
rfu: dropped a host frame (queue full)
rfu: req 26 len 0 -> ack 2 word(s) [CLIENT]
rfu: req 25 len 5 -> ack 0 word(s) [CLIENT]
rfu: inject 28 (0 param words)
rfu: event: clock reversed (adapter is master)
rfu: event: GBA acked our notify
rfu: dropped a host frame (queue full)
rfu: dropped a host frame (queue full)
rfu: dropped a host frame (queue full)
rfu: dropped a host frame (queue full)
rfu: dropped a host frame (queue full)
rfu: dropped a host frame (queue full)
rfu: dropped a host frame (queue full)
rfu: dropped a host frame (queue full)
rfu: dropped a host frame (queue full)
rfu: dropped a host frame (queue full)
rfu: dropped a host frame (queue full)
rfu: dropped a host frame (queue full)
rfu: dropped a host frame (queue full)
rfu: dropped a host frame (queue full)
rfu: dropped a host frame (queue full)
rfu: req 26 len 0 -> ack 2 word(s) [CLIENT]
rfu: req 25 len 5 -> ack 0 word(s) [CLIENT]
rfu: inject 28 (0 param words)
rfu: event: clock reversed (adapter is master)
rfu: event: GBA acked our notify
rfu: dropped a host frame (queue full)
rfu: dropped a host frame (queue full)
rfu: dropped a host frame (queue full)
rfu: dropped a host frame (queue full)
rfu: dropped a host frame (queue full)
rfu: dropped a host frame (queue full)
rfu: dropped a host frame (queue full)
rfu: dropped a host frame (queue full)
rfu: dropped a host frame (queue full)
rfu: dropped a host frame (queue full)
rfu: dropped a host frame (queue full)
rfu: dropped a host frame (queue full)
rfu: dropped a host frame (queue full)
rfu: dropped a host frame (queue full)
rfu: dropped a host frame (queue full)
rfu: req 26 len 0 -> ack 2 word(s) [CLIENT]
rfu: req 25 len 5 -> ack 0 word(s) [CLIENT]
rfu: inject 28 (0 param words)
rfu: event: clock reversed (adapter is master)
rfu: event: GBA acked our notify
rfu: dropped a host frame (queue full)
rfu: dropped a host frame (queue full)
rfu: dropped a host frame (queue full)
rfu: dropped a host frame (queue full)
rfu: dropped a host frame (queue full)
rfu: dropped a host frame (queue full)
rfu: dropped a host frame (queue full)
rfu: dropped a host frame (queue full)
rfu: dropped a host frame (queue full)
rfu: dropped a host frame (queue full)
rfu: dropped a host frame (queue full)
rfu: dropped a host frame (queue full)
rfu: dropped a host frame (queue full)
rfu: dropped a host frame (queue full)
rfu: req 26 len 0 -> ack 2 word(s) [CLIENT]
rfu: req 25 len 5 -> ack 0 word(s) [CLIENT]
rfu: inject 28 (0 param words)
rfu: event: clock reversed (adapter is master)
rfu: event: GBA acked our notify
rfu: dropped a host frame (queue full)
rfu: dropped a host frame (queue full)
rfu: dropped a host frame (queue full)
rfu: dropped a host frame (queue full)
rfu: dropped a host frame (queue full)
rfu: dropped a host frame (queue full)
rfu: dropped a host frame (queue full)
rfu: dropped a host frame (queue full)
rfu: dropped a host frame (queue full)
rfu: dropped a host frame (queue full)
rfu: dropped a host frame (queue full)
rfu: dropped a host frame (queue full)
rfu: dropped a host frame (queue full)
rfu: dropped a host frame (queue full)
rfu: dropped a host frame (queue full)
rfu: req 11 len 0 -> ack 1 word(s) [CLIENT]
rfu: req 26 len 0 -> ack 2 word(s) [CLIENT]
rfu: req 25 len 5 -> ack 0 word(s) [CLIENT]
rfu: inject 28 (0 param words)
rfu: event: clock reversed (adapter is master)
rfu: event: GBA acked our notify
rfu: dropped a host frame (queue full)
rfu: dropped a host frame (queue full)
rfu: dropped a host frame (queue full)
rfu: dropped a host frame (queue full)
rfu: dropped a host frame (queue full)
rfu: dropped a host frame (queue full)
rfu: dropped a host frame (queue full)
rfu: dropped a host frame (queue full)
rfu: dropped a host frame (queue full)
rfu: dropped a host frame (queue full)
rfu: dropped a host frame (queue full)
rfu: dropped a host frame (queue full)
rfu: dropped a host frame (queue full)
rfu: dropped a host frame (queue full)
rfu: dropped a host frame (queue full)
rfu: req 26 len 0 -> ack 2 word(s) [CLIENT]
rfu: req 25 len 2 -> ack 0 word(s) [CLIENT]
rfu: inject 28 (0 param words)
rfu: event: clock reversed (adapter is master)
rfu: event: GBA acked our notify
rfu: dropped a host frame (queue full)
rfu: dropped a host frame (queue full)
rfu: dropped a host frame (queue full)
rfu: host dropped us
rfu: req 26 len 0 -> ack 0 word(s) [IDLE]
rfu: req 25 len 2 -> reject 1
rfu: event: clock reversed (adapter is master)
rfu: event: GPIO ping -> adapter reset
rfu: reset (ping)
rfu: event: GPIO ping -> adapter reset
rfu: reset (ping)
rfu: event: GPIO ping -> adapter reset
rfu: reset (ping)
rfu: event: GPIO ping -> adapter reset
rfu: reset (ping)
rfu: event: GPIO ping -> adapter reset
rfu: reset (ping)
rfu: event: GPIO ping -> adapter reset
rfu: reset (ping)
rfu: event: GPIO ping -> adapter reset
rfu: reset (ping)
rfu: event: GPIO ping -> adapter reset
rfu: reset (ping)
rfu: event: GPIO ping -> adapter reset
rfu: reset (ping)
rfu: event: GPIO ping -> adapter reset
rfu: reset (ping)
rfu: event: GPIO ping -> adapter reset
rfu: reset (ping)
rfu: event: GPIO ping -> adapter reset
rfu: reset (ping)
rfu: event: GPIO ping -> adapter reset
rfu: reset (ping)
rfu: event: login complete
rfu: req 3D len 0 -> ack 0 word(s) [IDLE]
rfu: event: word watchdog fired
rfu: event: GPIO ping -> adapter reset
rfu: reset (ping)
rfu: event: GPIO ping -> adapter reset
rfu: reset (ping)
rfu: event: login complete
rfu: event: GPIO ping -> adapter reset
rfu: reset (ping)
rfu: event: GPIO ping -> adapter reset
rfu: reset (ping)
rfu: event: login complete
rfu: req 3D len 0 -> ack 0 word(s) [IDLE]
rfu: event: word watchdog fired
rfu: event: GPIO ping -> adapter reset
rfu: reset (ping)
rfu: event: GPIO ping -> adapter reset
rfu: reset (ping)
rfu: event: login complete
rfu: event: GPIO ping -> adapter reset
rfu: reset (ping)
rfu: event: GPIO ping -> adapter reset
rfu: reset (ping)
rfu: event: login complete
rfu: req 3D len 0 -> ack 0 word(s) [IDLE]
rfu: event: word watchdog fired
rfu: event: GPIO ping -> adapter reset
rfu: reset (ping)
rfu: event: GPIO ping -> adapter reset
rfu: reset (ping)
rfu: event: login complete
rfu: event: GPIO ping -> adapter reset
rfu: reset (ping)
rfu: event: GPIO ping -> adapter reset
rfu: reset (ping)
rfu: event: login complete
rfu: req 3D len 0 -> ack 0 word(s) [IDLE]
rfu: event: word watchdog fired
rfu: event: GPIO ping -> adapter reset
rfu: reset (ping)
rfu: event: GPIO ping -> adapter reset
rfu: reset (ping)
rfu: event: login complete
rfu: event: GPIO ping -> adapter reset
rfu: reset (ping)
rfu: event: GPIO ping -> adapter reset
rfu: reset (ping)
rfu: event: login complete
rfu: req 3D len 0 -> ack 0 word(s) [IDLE]
rfu: event: word watchdog fired
rfu: event: GPIO ping -> adapter reset
rfu: reset (ping)
rfu: event: GPIO ping -> adapter reset
rfu: reset (ping)
rfu: event: login complete
rfu: req 10 len 0 -> ack 0 word(s) [IDLE]
rfu: req 17 len 1 -> ack 0 word(s) [IDLE]
rfu: req 16 len 6 -> ack 0 word(s) [IDLE]
rfu: req 13 len 0 -> ack 1 word(s) [IDLE]
rfu: hosting, device id 4cf3
rfu: req 19 len 0 -> ack 0 word(s) [HOST-OPEN]
rfu: req 1A len 0 -> ack 0 word(s) [HOST-OPEN]
rfu: req 13 len 0 -> ack 1 word(s) [HOST-OPEN]
rfu: req 1A len 0 -> ack 0 word(s) [HOST-OPEN]
rfu: req 1A len 0 -> ack 0 word(s) [HOST-OPEN]
rfu: req 1A len 0 -> ack 0 word(s) [HOST-OPEN]
rfu: req 1A len 0 -> ack 0 word(s) [HOST-OPEN]
rfu: req 1A len 0 -> ack 0 word(s) [HOST-OPEN]
rfu: req 1A len 0 -> ack 0 word(s) [HOST-OPEN]
rfu: req 1A len 0 -> ack 0 word(s) [HOST-OPEN]
rfu: req 1A len 0 -> ack 0 word(s) [HOST-OPEN]
rfu: req 1A len 0 -> ack 0 word(s) [HOST-OPEN]
rfu: req 1A len 0 -> ack 0 word(s) [HOST-OPEN]
rfu: req 1A len 0 -> ack 0 word(s) [HOST-OPEN]
rfu: req 1A len 0 -> ack 0 word(s) [HOST-OPEN]
rfu: req 1A len 0 -> ack 0 word(s) [HOST-OPEN]
rfu: req 1A len 0 -> ack 0 word(s) [HOST-OPEN]
rfu: req 1A len 0 -> ack 0 word(s) [HOST-OPEN]
rfu: req 1A len 0 -> ack 0 word(s) [HOST-OPEN]
rfu: req 1A len 0 -> ack 0 word(s) [HOST-OPEN]
rfu: req 1A len 0 -> ack 0 word(s) [HOST-OPEN]
rfu: req 1A len 0 -> ack 0 word(s) [HOST-OPEN]
rfu: req 1A len 0 -> ack 0 word(s) [HOST-OPEN]
rfu: req 1A len 0 -> ack 0 word(s) [HOST-OPEN]
rfu: req 1A len 0 -> ack 0 word(s) [HOST-OPEN]
rfu: req 1A len 0 -> ack 0 word(s) [HOST-OPEN]
rfu: req 1A len 0 -> ack 0 word(s) [HOST-OPEN]
rfu: req 1A len 0 -> ack 0 word(s) [HOST-OPEN]
rfu: req 1A len 0 -> ack 0 word(s) [HOST-OPEN]
rfu: req 1A len 0 -> ack 0 word(s) [HOST-OPEN]
rfu: req 1A len 0 -> ack 0 word(s) [HOST-OPEN]
rfu: req 1A len 0 -> ack 0 word(s) [HOST-OPEN]
rfu: req 1A len 0 -> ack 0 word(s) [HOST-OPEN]
rfu: req 1B len 0 -> ack 0 word(s) [IDLE]
rfu: req 1C len 0 -> ack 0 word(s) [SEARCH]
rfu: req 1D len 0 -> ack 7 word(s) [SEARCH]
rfu: req 1D len 0 -> ack 7 word(s) [SEARCH]
rfu: req 1D len 0 -> ack 7 word(s) [SEARCH]
rfu: req 1D len 0 -> ack 7 word(s) [SEARCH]
rfu: req 1D len 0 -> ack 7 word(s) [SEARCH]
rfu: req 1D len 0 -> ack 7 word(s) [SEARCH]
rfu: req 1D len 0 -> ack 7 word(s) [SEARCH]
rfu: req 1D len 0 -> ack 7 word(s) [SEARCH]
rfu: req 1D len 0 -> ack 7 word(s) [SEARCH]
rfu: req 1D len 0 -> ack 7 word(s) [SEARCH]
rfu: req 1D len 0 -> ack 7 word(s) [SEARCH]
rfu: req 1D len 0 -> ack 7 word(s) [SEARCH]
rfu: req 1D len 0 -> ack 7 word(s) [SEARCH]
rfu: req 1D len 0 -> ack 7 word(s) [SEARCH]
rfu: req 1D len 0 -> ack 7 word(s) [SEARCH]
rfu: req 1D len 0 -> ack 7 word(s) [SEARCH]
rfu: req 1D len 0 -> ack 7 word(s) [SEARCH]
rfu: req 1D len 0 -> ack 7 word(s) [SEARCH]
rfu: req 1D len 0 -> ack 7 word(s) [SEARCH]
rfu: req 1D len 0 -> ack 7 word(s) [SEARCH]
rfu: req 1D len 0 -> ack 7 word(s) [SEARCH]
rfu: req 1D len 0 -> ack 7 word(s) [SEARCH]
rfu: req 1D len 0 -> ack 7 word(s) [SEARCH]
rfu: req 1D len 0 -> ack 7 word(s) [SEARCH]
rfu: req 1D len 0 -> ack 7 word(s) [SEARCH]
rfu: req 1D len 0 -> ack 7 word(s) [SEARCH]
rfu: req 1D len 0 -> ack 7 word(s) [SEARCH]
rfu: req 1D len 0 -> ack 7 word(s) [SEARCH]
rfu: req 1D len 0 -> ack 7 word(s) [SEARCH]
rfu: req 1D len 0 -> ack 7 word(s) [SEARCH]
rfu: req 1D len 0 -> ack 7 word(s) [SEARCH]
rfu: req 1D len 0 -> ack 7 word(s) [SEARCH]
rfu: req 1D len 0 -> ack 7 word(s) [SEARCH]
rfu: req 1D len 0 -> ack 7 word(s) [SEARCH]
rfu: req 1D len 0 -> ack 7 word(s) [SEARCH]
rfu: req 1D len 0 -> ack 7 word(s) [SEARCH]
rfu: req 1D len 0 -> ack 7 word(s) [SEARCH]
rfu: req 1D len 0 -> ack 7 word(s) [SEARCH]
rfu: req 1D len 0 -> ack 7 word(s) [SEARCH]
rfu: req 1E len 0 -> ack 7 word(s) [IDLE]
rfu: req 13 len 0 -> ack 1 word(s) [IDLE]
rfu: hosting, device id 617e
rfu: req 19 len 0 -> ack 0 word(s) [HOST-OPEN]
rfu: req 1A len 0 -> ack 0 word(s) [HOST-OPEN]
rfu: req 13 len 0 -> ack 1 word(s) [HOST-OPEN]
rfu: req 1A len 0 -> ack 0 word(s) [HOST-OPEN]
rfu: req 1A len 0 -> ack 0 word(s) [HOST-OPEN]
rfu: req 1A len 0 -> ack 0 word(s) [HOST-OPEN]
rfu: req 1A len 0 -> ack 0 word(s) [HOST-OPEN]
rfu: req 1A len 0 -> ack 0 word(s) [HOST-OPEN]
rfu: req 1A len 0 -> ack 0 word(s) [HOST-OPEN]
rfu: req 1A len 0 -> ack 0 word(s) [HOST-OPEN]
rfu: req 1A len 0 -> ack 0 word(s) [HOST-OPEN]
rfu: req 1A len 0 -> ack 0 word(s) [HOST-OPEN]
rfu: req 1A len 0 -> ack 0 word(s) [HOST-OPEN]
rfu: req 1A len 0 -> ack 0 word(s) [HOST-OPEN]
rfu: req 1A len 0 -> ack 0 word(s) [HOST-OPEN]
rfu: req 1A len 0 -> ack 0 word(s) [HOST-OPEN]
rfu: req 1A len 0 -> ack 0 word(s) [HOST-OPEN]
rfu: req 1A len 0 -> ack 0 word(s) [HOST-OPEN]
rfu: req 1A len 0 -> ack 0 word(s) [HOST-OPEN]
rfu: req 1A len 0 -> ack 0 word(s) [HOST-OPEN]
rfu: req 1A len 0 -> ack 0 word(s) [HOST-OPEN]
rfu: req 1A len 0 -> ack 0 word(s) [HOST-OPEN]
rfu: req 1A len 0 -> ack 0 word(s) [HOST-OPEN]
rfu: req 1A len 0 -> ack 0 word(s) [HOST-OPEN]
rfu: req 1A len 0 -> ack 0 word(s) [HOST-OPEN]
rfu: req 1A len 0 -> ack 0 word(s) [HOST-OPEN]
rfu: req 1A len 0 -> ack 0 word(s) [HOST-OPEN]
rfu: req 1A len 0 -> ack 0 word(s) [HOST-OPEN]
rfu: req 1A len 0 -> ack 0 word(s) [HOST-OPEN]
rfu: req 1A len 0 -> ack 0 word(s) [HOST-OPEN]
rfu: req 1A len 0 -> ack 0 word(s) [HOST-OPEN]
rfu: req 1A len 0 -> ack 0 word(s) [HOST-OPEN]
rfu: req 1A len 0 -> ack 0 word(s) [HOST-OPEN]
rfu: req 1A len 0 -> ack 0 word(s) [HOST-OPEN]
rfu: req 1A len 0 -> ack 0 word(s) [HOST-OPEN]
rfu: req 1A len 0 -> ack 0 word(s) [HOST-OPEN]
rfu: req 1A len 0 -> ack 0 word(s) [HOST-OPEN]
rfu: req 1A len 0 -> ack 0 word(s) [HOST-OPEN]
rfu: req 1A len 0 -> ack 0 word(s) [HOST-OPEN]
rfu: req 1A len 0 -> ack 0 word(s) [HOST-OPEN]
rfu: req 1A len 0 -> ack 0 word(s) [HOST-OPEN]
rfu: req 1A len 0 -> ack 0 word(s) [HOST-OPEN]
rfu: req 1A len 0 -> ack 0 word(s) [HOST-OPEN]
rfu: req 1A len 0 -> ack 0 word(s) [HOST-OPEN]
rfu: req 1A len 0 -> ack 0 word(s) [HOST-OPEN]
rfu: req 1A len 0 -> ack 0 word(s) [HOST-OPEN]
rfu: req 1A len 0 -> ack 0 word(s) [HOST-OPEN]
rfu: req 1A len 0 -> ack 0 word(s) [HOST-OPEN]
rfu: req 1A len 0 -> ack 0 word(s) [HOST-OPEN]
rfu: req 1A len 0 -> ack 0 word(s) [HOST-OPEN]
rfu: req 1A len 0 -> ack 0 word(s) [HOST-OPEN]
rfu: req 1A len 0 -> ack 0 word(s) [HOST-OPEN]
rfu: req 1A len 0 -> ack 0 word(s) [HOST-OPEN]
rfu: req 1A len 0 -> ack 0 word(s) [HOST-OPEN]
rfu: req 1A len 0 -> ack 0 word(s) [HOST-OPEN]
rfu: req 1A len 0 -> ack 0 word(s) [HOST-OPEN]
rfu: req 1A len 0 -> ack 0 word(s) [HOST-OPEN]
rfu: req 1A len 0 -> ack 0 word(s) [HOST-OPEN]
rfu: req 1A len 0 -> ack 0 word(s) [HOST-OPEN]
rfu: req 1A len 0 -> ack 0 word(s) [HOST-OPEN]
rfu: req 1A len 0 -> ack 0 word(s) [HOST-OPEN]
rfu: req 1A len 0 -> ack 0 word(s) [HOST-OPEN]
rfu: req 1A len 0 -> ack 0 word(s) [HOST-OPEN]
rfu: req 1A len 0 -> ack 0 word(s) [HOST-OPEN]
rfu: req 1A len 0 -> ack 0 word(s) [HOST-OPEN]
rfu: req 1A len 0 -> ack 0 word(s) [HOST-OPEN]
rfu: req 1A len 0 -> ack 0 word(s) [HOST-OPEN]
rfu: req 1A len 0 -> ack 0 word(s) [HOST-OPEN]
rfu: req 1A len 0 -> ack 0 word(s) [HOST-OPEN]
rfu: req 1A len 0 -> ack 0 word(s) [HOST-OPEN]
rfu: req 1A len 0 -> ack 0 word(s) [HOST-OPEN]
rfu: req 1A len 0 -> ack 0 word(s) [HOST-OPEN]
rfu: req 1A len 0 -> ack 0 word(s) [HOST-OPEN]
rfu: req 1A len 0 -> ack 0 word(s) [HOST-OPEN]
rfu: req 1A len 0 -> ack 0 word(s) [HOST-OPEN]
rfu: req 1A len 0 -> ack 0 word(s) [HOST-OPEN]
rfu: req 1A len 0 -> ack 0 word(s) [HOST-OPEN]
rfu: req 1A len 0 -> ack 0 word(s) [HOST-OPEN]
rfu: req 1A len 0 -> ack 0 word(s) [HOST-OPEN]
rfu: req 1A len 0 -> ack 0 word(s) [HOST-OPEN]
rfu: req 1A len 0 -> ack 0 word(s) [HOST-OPEN]
rfu: req 1A len 0 -> ack 0 word(s) [HOST-OPEN]
rfu: req 1A len 0 -> ack 0 word(s) [HOST-OPEN]
rfu: req 1A len 0 -> ack 0 word(s) [HOST-OPEN]
rfu: req 1A len 0 -> ack 0 word(s) [HOST-OPEN]
rfu: req 1A len 0 -> ack 0 word(s) [HOST-OPEN]
rfu: req 1A len 0 -> ack 0 word(s) [HOST-OPEN]
rfu: req 1A len 0 -> ack 0 word(s) [HOST-OPEN]
rfu: req 1A len 0 -> ack 0 word(s) [HOST-OPEN]
rfu: req 1A len 0 -> ack 0 word(s) [HOST-OPEN]
rfu: req 1A len 0 -> ack 0 word(s) [HOST-OPEN]
rfu: req 1A len 0 -> ack 0 word(s) [HOST-OPEN]
rfu: req 1A len 0 -> ack 0 word(s) [HOST-OPEN]
rfu: req 1A len 0 -> ack 0 word(s) [HOST-OPEN]
rfu: req 1A len 0 -> ack 0 word(s) [HOST-OPEN]
rfu: req 1A len 0 -> ack 0 word(s) [HOST-OPEN]
rfu: req 1A len 0 -> ack 0 word(s) [HOST-OPEN]
rfu: req 1A len 0 -> ack 0 word(s) [HOST-OPEN]
rfu: req 1A len 0 -> ack 0 word(s) [HOST-OPEN]
rfu: req 1A len 0 -> ack 0 word(s) [HOST-OPEN]
rfu: req 1A len 0 -> ack 0 word(s) [HOST-OPEN]
rfu: req 1A len 0 -> ack 0 word(s) [HOST-OPEN]
rfu: req 1A len 0 -> ack 0 word(s) [HOST-OPEN]
rfu: req 1A len 0 -> ack 0 word(s) [HOST-OPEN]
rfu: req 1A len 0 -> ack 0 word(s) [HOST-OPEN]
rfu: req 1A len 0 -> ack 0 word(s) [HOST-OPEN]
rfu: req 1A len 0 -> ack 0 word(s) [HOST-OPEN]
rfu: req 1A len 0 -> ack 0 word(s) [HOST-OPEN]
rfu: req 1A len 0 -> ack 0 word(s) [HOST-OPEN]
rfu: req 1A len 0 -> ack 0 word(s) [HOST-OPEN]
rfu: req 1A len 0 -> ack 0 word(s) [HOST-OPEN]
rfu: req 1B len 0 -> ack 0 word(s) [IDLE]
rfu: req 13 len 0 -> ack 1 word(s) [IDLE]
rfu: hosting, device id 8ec4
rfu: req 19 len 0 -> ack 0 word(s) [HOST-OPEN]
rfu: req 1A len 0 -> ack 0 word(s) [HOST-OPEN]
rfu: req 13 len 0 -> ack 1 word(s) [HOST-OPEN]
rfu: req 1A len 0 -> ack 0 word(s) [HOST-OPEN]
rfu: req 1A len 0 -> ack 0 word(s) [HOST-OPEN]
rfu: req 1A len 0 -> ack 0 word(s) [HOST-OPEN]
rfu: req 1A len 0 -> ack 0 word(s) [HOST-OPEN]
rfu: req 1A len 0 -> ack 0 word(s) [HOST-OPEN]
rfu: req 1A len 0 -> ack 0 word(s) [HOST-OPEN]
rfu: req 1A len 0 -> ack 0 word(s) [HOST-OPEN]
rfu: req 1A len 0 -> ack 0 word(s) [HOST-OPEN]
rfu: req 1A len 0 -> ack 0 word(s) [HOST-OPEN]
rfu: req 1A len 0 -> ack 0 word(s) [HOST-OPEN]
rfu: req 1A len 0 -> ack 0 word(s) [HOST-OPEN]
rfu: req 1A len 0 -> ack 0 word(s) [HOST-OPEN]
rfu: req 1A len 0 -> ack 0 word(s) [HOST-OPEN]
rfu: req 1A len 0 -> ack 0 word(s) [HOST-OPEN]
rfu: req 1A len 0 -> ack 0 word(s) [HOST-OPEN]
rfu: req 1A len 0 -> ack 0 word(s) [HOST-OPEN]
rfu: req 1A len 0 -> ack 0 word(s) [HOST-OPEN]
rfu: req 1A len 0 -> ack 0 word(s) [HOST-OPEN]
rfu: req 1A len 0 -> ack 0 word(s) [HOST-OPEN]
rfu: req 1A len 0 -> ack 0 word(s) [HOST-OPEN]
rfu: req 1A len 0 -> ack 0 word(s) [HOST-OPEN]
rfu: req 1A len 0 -> ack 0 word(s) [HOST-OPEN]
rfu: req 1A len 0 -> ack 0 word(s) [HOST-OPEN]
rfu: req 1A len 0 -> ack 0 word(s) [HOST-OPEN]
rfu: req 1A len 0 -> ack 0 word(s) [HOST-OPEN]
rfu: req 1A len 0 -> ack 0 word(s) [HOST-OPEN]
rfu: req 1A len 0 -> ack 0 word(s) [HOST-OPEN]
rfu: req 1A len 0 -> ack 0 word(s) [HOST-OPEN]
rfu: req 1A len 0 -> ack 0 word(s) [HOST-OPEN]
rfu: req 1A len 0 -> ack 0 word(s) [HOST-OPEN]
rfu: req 1A len 0 -> ack 0 word(s) [HOST-OPEN]
rfu: req 1A len 0 -> ack 0 word(s) [HOST-OPEN]
rfu: req 1A len 0 -> ack 0 word(s) [HOST-OPEN]
rfu: req 1A len 0 -> ack 0 word(s) [HOST-OPEN]
rfu: req 1A len 0 -> ack 0 word(s) [HOST-OPEN]
rfu: req 1A len 0 -> ack 0 word(s) [HOST-OPEN]
rfu: req 1A len 0 -> ack 0 word(s) [HOST-OPEN]
rfu: req 1A len 0 -> ack 0 word(s) [HOST-OPEN]
rfu: req 1A len 0 -> ack 0 word(s) [HOST-OPEN]
rfu: req 1A len 0 -> ack 0 word(s) [HOST-OPEN]
rfu: req 1A len 0 -> ack 0 word(s) [HOST-OPEN]
rfu: req 1A len 0 -> ack 0 word(s) [HOST-OPEN]
rfu: req 1A len 0 -> ack 0 word(s) [HOST-OPEN]
rfu: req 1A len 0 -> ack 0 word(s) [HOST-OPEN]
rfu: req 1A len 0 -> ack 0 word(s) [HOST-OPEN]
rfu: req 1A len 0 -> ack 0 word(s) [HOST-OPEN]
rfu: req 1A len 0 -> ack 0 word(s) [HOST-OPEN]
rfu: req 1A len 0 -> ack 0 word(s) [HOST-OPEN]
rfu: req 1A len 0 -> ack 0 word(s) [HOST-OPEN]
rfu: req 1A len 0 -> ack 0 word(s) [HOST-OPEN]
rfu: req 1A len 0 -> ack 0 word(s) [HOST-OPEN]
rfu: req 1A len 0 -> ack 0 word(s) [HOST-OPEN]
rfu: req 1A len 0 -> ack 0 word(s) [HOST-OPEN]
rfu: req 1A len 0 -> ack 0 word(s) [HOST-OPEN]
rfu: req 1A len 0 -> ack 0 word(s) [HOST-OPEN]
rfu: req 1A len 0 -> ack 0 word(s) [HOST-OPEN]
rfu: req 1A len 0 -> ack 0 word(s) [HOST-OPEN]
rfu: req 1A len 0 -> ack 0 word(s) [HOST-OPEN]
rfu: req 1A len 0 -> ack 0 word(s) [HOST-OPEN]
rfu: req 1A len 0 -> ack 0 word(s) [HOST-OPEN]
rfu: req 1A len 0 -> ack 0 word(s) [HOST-OPEN]
rfu: req 1A len 0 -> ack 0 word(s) [HOST-OPEN]
rfu: req 1A len 0 -> ack 0 word(s) [HOST-OPEN]
rfu: req 1A len 0 -> ack 0 word(s) [HOST-OPEN]
rfu: req 1A len 0 -> ack 0 word(s) [HOST-OPEN]
rfu: req 1A len 0 -> ack 0 word(s) [HOST-OPEN]
rfu: req 1A len 0 -> ack 0 word(s) [HOST-OPEN]
rfu: req 1A len 0 -> ack 0 word(s) [HOST-OPEN]
rfu: req 1A len 0 -> ack 0 word(s) [HOST-OPEN]
rfu: req 1A len 0 -> ack 0 word(s) [HOST-OPEN]
rfu: req 1A len 0 -> ack 0 word(s) [HOST-OPEN]
rfu: req 1B len 0 -> ack 0 word(s) [IDLE]
rfu: req 1C len 0 -> ack 0 word(s) [SEARCH]
rfu: req 1D len 0 -> ack 7 word(s) [SEARCH]
rfu: req 1D len 0 -> ack 7 word(s) [SEARCH]
rfu: req 1D len 0 -> ack 7 word(s) [SEARCH]
rfu: req 1D len 0 -> ack 7 word(s) [SEARCH]
rfu: req 1D len 0 -> ack 7 word(s) [SEARCH]
rfu: req 1D len 0 -> ack 7 word(s) [SEARCH]
rfu: req 1D len 0 -> ack 7 word(s) [SEARCH]
rfu: req 1D len 0 -> ack 7 word(s) [SEARCH]
rfu: req 1D len 0 -> ack 7 word(s) [SEARCH]
rfu: req 1D len 0 -> ack 7 word(s) [SEARCH]
rfu: req 1D len 0 -> ack 7 word(s) [SEARCH]
rfu: req 1D len 0 -> ack 7 word(s) [SEARCH]
rfu: req 1D len 0 -> ack 7 word(s) [SEARCH]
rfu: req 1D len 0 -> ack 7 word(s) [SEARCH]
rfu: req 1D len 0 -> ack 7 word(s) [SEARCH]
rfu: req 1D len 0 -> ack 7 word(s) [SEARCH]
rfu: req 1D len 0 -> ack 7 word(s) [SEARCH]
rfu: req 1D len 0 -> ack 7 word(s) [SEARCH]
rfu: req 1D len 0 -> ack 7 word(s) [SEARCH]
rfu: req 1D len 0 -> ack 7 word(s) [SEARCH]
rfu: req 1D len 0 -> ack 7 word(s) [SEARCH]
rfu: req 1D len 0 -> ack 7 word(s) [SEARCH]
rfu: req 1D len 0 -> ack 7 word(s) [SEARCH]
rfu: req 1D len 0 -> ack 7 word(s) [SEARCH]
rfu: req 1D len 0 -> ack 7 word(s) [SEARCH]
rfu: req 1D len 0 -> ack 7 word(s) [SEARCH]
rfu: req 1D len 0 -> ack 7 word(s) [SEARCH]
rfu: req 1D len 0 -> ack 7 word(s) [SEARCH]
rfu: req 1D len 0 -> ack 7 word(s) [SEARCH]
rfu: req 1D len 0 -> ack 7 word(s) [SEARCH]
rfu: req 1D len 0 -> ack 7 word(s) [SEARCH]
rfu: req 1D len 0 -> ack 7 word(s) [SEARCH]
rfu: req 1D len 0 -> ack 7 word(s) [SEARCH]
rfu: req 1D len 0 -> ack 7 word(s) [SEARCH]
rfu: req 1D len 0 -> ack 7 word(s) [SEARCH]
rfu: req 1D len 0 -> ack 7 word(s) [SEARCH]
rfu: req 1D len 0 -> ack 7 word(s) [SEARCH]
rfu: req 1D len 0 -> ack 7 word(s) [SEARCH]
rfu: req 1D len 0 -> ack 7 word(s) [SEARCH]
rfu: req 1E len 0 -> ack 7 word(s) [IDLE]
rfu: req 13 len 0 -> ack 1 word(s) [IDLE]
rfu: hosting, device id ae18
rfu: req 19 len 0 -> ack 0 word(s) [HOST-OPEN]
rfu: req 1A len 0 -> ack 0 word(s) [HOST-OPEN]
rfu: req 13 len 0 -> ack 1 word(s) [HOST-OPEN]
rfu: req 1A len 0 -> ack 0 word(s) [HOST-OPEN]
rfu: req 1A len 0 -> ack 0 word(s) [HOST-OPEN]
rfu: req 1A len 0 -> ack 0 word(s) [HOST-OPEN]
rfu: req 1A len 0 -> ack 0 word(s) [HOST-OPEN]
rfu: req 1A len 0 -> ack 0 word(s) [HOST-OPEN]
rfu: req 1A len 0 -> ack 0 word(s) [HOST-OPEN]
rfu: req 1A len 0 -> ack 0 word(s) [HOST-OPEN]
rfu: req 1A len 0 -> ack 0 word(s) [HOST-OPEN]
rfu: req 1A len 0 -> ack 0 word(s) [HOST-OPEN]
rfu: req 1A len 0 -> ack 0 word(s) [HOST-OPEN]
rfu: req 1A len 0 -> ack 0 word(s) [HOST-OPEN]
rfu: req 1A len 0 -> ack 0 word(s) [HOST-OPEN]
rfu: req 1A len 0 -> ack 0 word(s) [HOST-OPEN]
rfu: req 1A len 0 -> ack 0 word(s) [HOST-OPEN]
rfu: req 1A len 0 -> ack 0 word(s) [HOST-OPEN]
rfu: req 1A len 0 -> ack 0 word(s) [HOST-OPEN]
rfu: req 1A len 0 -> ack 0 word(s) [HOST-OPEN]
rfu: req 1A len 0 -> ack 0 word(s) [HOST-OPEN]
rfu: req 1A len 0 -> ack 0 word(s) [HOST-OPEN]
rfu: req 1A len 0 -> ack 0 word(s) [HOST-OPEN]
rfu: req 1A len 0 -> ack 0 word(s) [HOST-OPEN]
rfu: req 1A len 0 -> ack 0 word(s) [HOST-OPEN]
rfu: req 1A len 0 -> ack 0 word(s) [HOST-OPEN]
rfu: req 1A len 0 -> ack 0 word(s) [HOST-OPEN]
rfu: req 1A len 0 -> ack 0 word(s) [HOST-OPEN]
rfu: req 1A len 0 -> ack 0 word(s) [HOST-OPEN]
rfu: req 1A len 0 -> ack 0 word(s) [HOST-OPEN]
rfu: req 1A len 0 -> ack 0 word(s) [HOST-OPEN]
rfu: req 1A len 0 -> ack 0 word(s) [HOST-OPEN]
rfu: req 1A len 0 -> ack 0 word(s) [HOST-OPEN]
rfu: req 1A len 0 -> ack 0 word(s) [HOST-OPEN]
rfu: req 1A len 0 -> ack 0 word(s) [HOST-OPEN]
rfu: req 1A len 0 -> ack 0 word(s) [HOST-OPEN]
rfu: req 1A len 0 -> ack 0 word(s) [HOST-OPEN]
rfu: req 1A len 0 -> ack 0 word(s) [HOST-OPEN]
rfu: req 1A len 0 -> ack 0 word(s) [HOST-OPEN]
rfu: req 1A len 0 -> ack 0 word(s) [HOST-OPEN]
rfu: req 1A len 0 -> ack 0 word(s) [HOST-OPEN]
rfu: req 1A len 0 -> ack 0 word(s) [HOST-OPEN]
rfu: req 1A len 0 -> ack 0 word(s) [HOST-OPEN]
rfu: req 1A len 0 -> ack 0 word(s) [HOST-OPEN]
rfu: req 1A len 0 -> ack 0 word(s) [HOST-OPEN]
rfu: req 1A len 0 -> ack 0 word(s) [HOST-OPEN]
rfu: req 1A len 0 -> ack 0 word(s) [HOST-OPEN]
rfu: req 1A len 0 -> ack 0 word(s) [HOST-OPEN]
rfu: req 1A len 0 -> ack 0 word(s) [HOST-OPEN]
rfu: req 1A len 0 -> ack 0 word(s) [HOST-OPEN]
rfu: req 1A len 0 -> ack 0 word(s) [HOST-OPEN]
rfu: req 1A len 0 -> ack 0 word(s) [HOST-OPEN]
rfu: req 1A len 0 -> ack 0 word(s) [HOST-OPEN]
rfu: req 1A len 0 -> ack 0 word(s) [HOST-OPEN]
rfu: req 1A len 0 -> ack 0 word(s) [HOST-OPEN]
rfu: req 1A len 0 -> ack 0 word(s) [HOST-OPEN]
rfu: req 1A len 0 -> ack 0 word(s) [HOST-OPEN]
rfu: req 1A len 0 -> ack 0 word(s) [HOST-OPEN]
rfu: req 1A len 0 -> ack 0 word(s) [HOST-OPEN]
rfu: req 1A len 0 -> ack 0 word(s) [HOST-OPEN]
rfu: req 1A len 0 -> ack 0 word(s) [HOST-OPEN]
rfu: req 1A len 0 -> ack 0 word(s) [HOST-OPEN]
rfu: req 1A len 0 -> ack 0 word(s) [HOST-OPEN]
rfu: req 1A len 0 -> ack 0 word(s) [HOST-OPEN]
rfu: req 1A len 0 -> ack 0 word(s) [HOST-OPEN]
rfu: req 1A len 0 -> ack 0 word(s) [HOST-OPEN]
rfu: req 1A len 0 -> ack 0 word(s) [HOST-OPEN]
rfu: req 1A len 0 -> ack 0 word(s) [HOST-OPEN]
rfu: req 1A len 0 -> ack 0 word(s) [HOST-OPEN]
rfu: req 1A len 0 -> ack 0 word(s) [HOST-OPEN]
rfu: req 1B len 0 -> ack 0 word(s) [IDLE]
rfu: req 13 len 0 -> ack 1 word(s) [IDLE]
rfu: hosting, device id 0efe
rfu: req 19 len 0 -> ack 0 word(s) [HOST-OPEN]
rfu: req 1A len 0 -> ack 0 word(s) [HOST-OPEN]
rfu: req 13 len 0 -> ack 1 word(s) [HOST-OPEN]
rfu: req 1A len 0 -> ack 0 word(s) [HOST-OPEN]
rfu: req 1A len 0 -> ack 0 word(s) [HOST-OPEN]
rfu: req 1A len 0 -> ack 0 word(s) [HOST-OPEN]
rfu: req 1A len 0 -> ack 0 word(s) [HOST-OPEN]
rfu: req 1A len 0 -> ack 0 word(s) [HOST-OPEN]
rfu: req 1A len 0 -> ack 0 word(s) [HOST-OPEN]
rfu: req 1A len 0 -> ack 0 word(s) [HOST-OPEN]
rfu: req 1A len 0 -> ack 0 word(s) [HOST-OPEN]
rfu: req 1A len 0 -> ack 0 word(s) [HOST-OPEN]
rfu: req 1A len 0 -> ack 0 word(s) [HOST-OPEN]
rfu: req 1A len 0 -> ack 0 word(s) [HOST-OPEN]
rfu: req 1A len 0 -> ack 0 word(s) [HOST-OPEN]
rfu: req 1A len 0 -> ack 0 word(s) [HOST-OPEN]
rfu: req 1A len 0 -> ack 0 word(s) [HOST-OPEN]
rfu: req 1A len 0 -> ack 0 word(s) [HOST-OPEN]
rfu: child joined slot 0 as 0543 (peer 24)
rfu: req 1A len 0 -> ack 1 word(s) [HOST-OPEN]
rfu: req 11 len 0 -> ack 1 word(s) [HOST-OPEN]
rfu: req 26 len 0 -> ack 0 word(s) [HOST-OPEN]
rfu: req 1A len 0 -> ack 1 word(s) [HOST-OPEN]
rfu: req 26 len 0 -> ack 0 word(s) [HOST-OPEN]
rfu: req 1A len 0 -> ack 1 word(s) [HOST-OPEN]
rfu: req 26 len 0 -> ack 0 word(s) [HOST-OPEN]
rfu: req 1A len 0 -> ack 1 word(s) [HOST-OPEN]
rfu: req 26 len 0 -> ack 0 word(s) [HOST-OPEN]
rfu: req 1A len 0 -> ack 1 word(s) [HOST-OPEN]
rfu: req 11 len 0 -> ack 1 word(s) [HOST-OPEN]
rfu: req 26 len 0 -> ack 0 word(s) [HOST-OPEN]
rfu: req 1A len 0 -> ack 1 word(s) [HOST-OPEN]
rfu: req 26 len 0 -> ack 0 word(s) [HOST-OPEN]
rfu: req 1A len 0 -> ack 1 word(s) [HOST-OPEN]
rfu: req 26 len 0 -> ack 0 word(s) [HOST-OPEN]
rfu: req 1A len 0 -> ack 1 word(s) [HOST-OPEN]
rfu: req 26 len 0 -> ack 0 word(s) [HOST-OPEN]
rfu: req 1A len 0 -> ack 1 word(s) [HOST-OPEN]
rfu: req 11 len 0 -> ack 1 word(s) [HOST-OPEN]
rfu: req 26 len 0 -> ack 0 word(s) [HOST-OPEN]
rfu: req 1A len 0 -> ack 1 word(s) [HOST-OPEN]
rfu: req 26 len 0 -> ack 0 word(s) [HOST-OPEN]
rfu: req 1A len 0 -> ack 1 word(s) [HOST-OPEN]
rfu: req 26 len 0 -> ack 0 word(s) [HOST-OPEN]
rfu: req 1A len 0 -> ack 1 word(s) [HOST-OPEN]
rfu: req 26 len 0 -> ack 0 word(s) [HOST-OPEN]
rfu: req 1A len 0 -> ack 1 word(s) [HOST-OPEN]
rfu: req 11 len 0 -> ack 1 word(s) [HOST-OPEN]
rfu: req 26 len 0 -> ack 0 word(s) [HOST-OPEN]
rfu: req 1A len 0 -> ack 1 word(s) [HOST-OPEN]
rfu: req 26 len 0 -> ack 0 word(s) [HOST-OPEN]
rfu: req 1A len 0 -> ack 1 word(s) [HOST-OPEN]
rfu: req 26 len 0 -> ack 0 word(s) [HOST-OPEN]
rfu: req 1A len 0 -> ack 1 word(s) [HOST-OPEN]
rfu: req 26 len 0 -> ack 0 word(s) [HOST-OPEN]
rfu: req 24 len 1 -> ack 0 word(s) [HOST-OPEN]
rfu: req 1A len 0 -> ack 1 word(s) [HOST-OPEN]
rfu: req 11 len 0 -> ack 1 word(s) [HOST-OPEN]
rfu: req 26 len 0 -> ack 4 word(s) [HOST-OPEN]
rfu: req 24 len 2 -> ack 0 word(s) [HOST-OPEN]
rfu: req 1A len 0 -> ack 1 word(s) [HOST-OPEN]
rfu: req 26 len 0 -> ack 5 word(s) [HOST-OPEN]
rfu: req 24 len 2 -> ack 0 word(s) [HOST-OPEN]
rfu: req 1A len 0 -> ack 1 word(s) [HOST-OPEN]
rfu: req 26 len 0 -> ack 0 word(s) [HOST-OPEN]
rfu: req 24 len 2 -> ack 0 word(s) [HOST-OPEN]
rfu: req 1A len 0 -> ack 1 word(s) [HOST-OPEN]
rfu: req 26 len 0 -> ack 5 word(s) [HOST-OPEN]
rfu: req 24 len 2 -> ack 0 word(s) [HOST-OPEN]
rfu: req 1A len 0 -> ack 1 word(s) [HOST-OPEN]
rfu: req 11 len 0 -> ack 1 word(s) [HOST-OPEN]
rfu: req 26 len 0 -> ack 2 word(s) [HOST-OPEN]
rfu: req 24 len 2 -> ack 0 word(s) [HOST-OPEN]
rfu: req 1A len 0 -> ack 1 word(s) [HOST-OPEN]
rfu: req 26 len 0 -> ack 2 word(s) [HOST-OPEN]
rfu: req 24 len 2 -> ack 0 word(s) [HOST-OPEN]
rfu: req 1A len 0 -> ack 1 word(s) [HOST-OPEN]
rfu: req 26 len 0 -> ack 2 word(s) [HOST-OPEN]
rfu: req 24 len 2 -> ack 0 word(s) [HOST-OPEN]
rfu: req 1A len 0 -> ack 1 word(s) [HOST-OPEN]
rfu: req 26 len 0 -> ack 2 word(s) [HOST-OPEN]
rfu: req 24 len 2 -> ack 0 word(s) [HOST-OPEN]
rfu: req 1A len 0 -> ack 1 word(s) [HOST-OPEN]
rfu: req 11 len 0 -> ack 1 word(s) [HOST-OPEN]
rfu: req 26 len 0 -> ack 2 word(s) [HOST-OPEN]
rfu: req 24 len 1 -> ack 0 word(s) [HOST-OPEN]
rfu: req 16 len 6 -> ack 0 word(s) [HOST-OPEN]
rfu: req 1A len 0 -> ack 1 word(s) [HOST-OPEN]
rfu: req 26 len 0 -> ack 0 word(s) [HOST-OPEN]
rfu: req 24 len 1 -> ack 0 word(s) [HOST-OPEN]
rfu: req 1A len 0 -> ack 1 word(s) [HOST-OPEN]
rfu: req 26 len 0 -> ack 0 word(s) [HOST-OPEN]
rfu: req 24 len 1 -> ack 0 word(s) [HOST-OPEN]
rfu: req 1B len 0 -> ack 1 word(s) [HOST]
rfu: req 26 len 0 -> ack 0 word(s) [HOST]
rfu: req 24 len 1 -> ack 0 word(s) [HOST]
rfu: req 16 len 6 -> ack 0 word(s) [HOST]
rfu: req 11 len 0 -> ack 1 word(s) [HOST]
rfu: req 25 len 20 -> ack 0 word(s) [HOST]
rfu: event: clock reversed (adapter is master)
rfu: inject 28 (1 param words)
rfu: event: GBA acked our notify
rfu: req 26 len 0 -> ack 5 word(s) [HOST]
rfu: req 11 len 0 -> ack 1 word(s) [HOST]
rfu: req 37 len 0 -> ack 0 word(s) [HOST]
rfu: event: clock reversed (adapter is master)
rfu: inject 28 (0 param words)
rfu: event: GBA acked our notify
rfu: req 26 len 0 -> ack 5 word(s) [HOST]
rfu: event: GPIO ping -> adapter reset
rfu: reset (ping)
rfu: event: GPIO ping -> adapter reset
rfu: reset (ping)
rfu: event: login complete
rfu: req 3D len 0 -> ack 0 word(s) [IDLE]
rfu: event: word watchdog fired
